player_id,season,name,firstname,lastname,nationality,photo,team,position,age,appearances,minutes,goals,assists,market_value_eur
5,2023,M. Akanji,Manuel Obafemi,Akanji,Switzerland,https://media.api-sports.io/football/players/5.png,Manchester City,Defender,28,34,2514,2,0,14400000.0
14,2023,M. Dahoud,Mahmoud,Dahoud,Germany,https://media.api-sports.io/football/players/14.png,Brighton,Midfielder,27,17,454,0,1,6200000.0
18,2023,J. Sancho,Jadon Malik,Sancho,England,https://media.api-sports.io/football/players/18.png,Manchester United,Attacker,23,3,76,0,0,8600000.0
22,2023,J. Bruun Larsen,Jacob,Bruun Larsen,Denmark,https://media.api-sports.io/football/players/22.png,Burnley,Attacker,24,32,1251,6,0,25300000.0
23,2023,Sergio Gómez,Sergio,Gómez Martín,Spain,https://media.api-sports.io/football/players/23.png,Manchester City,Attacker,22,32,54,0,1,3600000.0
44,2023,Rodri,Rodrigo,Hernández Cascante,Spain,https://media.api-sports.io/football/players/44.png,Manchester City,Midfielder,27,35,2938,8,9,18500000.0
49,2023,T. Partey,Thomas,Teye Partey,Ghana,https://media.api-sports.io/football/players/49.png,Arsenal,Midfielder,30,14,788,0,0,10000000.0
54,2023,Diego Costa,Diego,da Silva Costa,Spain,https://media.api-sports.io/football/players/54.png,Wolves,Attacker,34,0,0,0,0,2300000.0
83,2023,A. Danjuma,Arnaut,Danjuma Adam Groeneveld,Netherlands,https://media.api-sports.io/football/players/83.png,Everton,Attacker,26,28,595,1,0,7200000.0
95,2023,B. Badiashile,Benoît Ntambue,Badiashile Mukinayi Baya,France,https://media.api-sports.io/football/players/95.png,Chelsea,Defender,22,25,1337,0,1,6800000.0
104,2023,Carlos Vinícius,Carlos Vinícius,Alves Morais,Brazil,https://media.api-sports.io/football/players/104.png,Fulham,Attacker,28,13,320,2,0,12900000.0
105,2023,F. Ballo-Touré,Fodé,Ballo-Touré,Senegal,https://media.api-sports.io/football/players/105.png,Fulham,Defender,26,22,80,0,0,5300000.0
110,2023,H. Massengo,Han-Noah,Massengo,France,https://media.api-sports.io/football/players/110.png,Burnley,Midfielder,22,3,13,0,0,5200000.0
130,2023,Nélson Semedo,Nélson,Cabral Semedo,Portugal,https://media.api-sports.io/football/players/130.png,Wolves,Defender,29,36,3093,0,1,19000000.0
159,2023,H. Lloris,Hugo Hadrien Dominique,Lloris,France,https://media.api-sports.io/football/players/159.png,Tottenham,Goalkeeper,36,0,0,0,0,1500000.0
161,2023,A. Whiteman,Alfie Malik,Whiteman,England,https://media.api-sports.io/football/players/161.png,Tottenham,Goalkeeper,24,0,0,0,0,2100000.0
164,2023,B. Davies,Benjamin Thomas,Davies,Wales,https://media.api-sports.io/football/players/164.png,Tottenham,Defender,30,30,1093,1,0,11300000.0
168,2023,D. Sánchez,Davinson,Sánchez Mina,Colombia,https://media.api-sports.io/football/players/168.png,Tottenham,Defender,27,1,76,0,0,3500000.0
169,2023,K. Trippier,Kieran John,Trippier,England,https://media.api-sports.io/football/players/169.png,Newcastle,Defender,32,28,2239,1,10,12200000.0
172,2023,D. Alli,Bamidele Jermaine,Alli,England,https://media.api-sports.io/football/players/172.png,Everton,Midfielder,27,0,0,0,0,9700000.0
174,2023,C. Eriksen,Christian,Dannemann Eriksen,Denmark,https://media.api-sports.io/football/players/174.png,Manchester United,Midfielder,31,33,1160,1,2,10600000.0
175,2023,E. Dier,Eric Jeremy Edgar,Dier,England,https://media.api-sports.io/football/players/175.png,Tottenham,Defender,29,4,199,0,0,3600000.0
178,2023,Lucas Moura,Lucas,Rodrigues Moura da Silva,Brazil,https://media.api-sports.io/football/players/178.png,Tottenham,Attacker,30,0,0,0,0,7800000.0
180,2023,O. Skipp,Oliver William,Skipp,England,https://media.api-sports.io/football/players/180.png,Tottenham,Midfielder,22,21,695,0,0,10100000.0
184,2023,H. Kane,Harry Edward,Kane,England,https://media.api-sports.io/football/players/184.png,Tottenham,Attacker,30,0,0,0,0,6400000.0
186,2023,Son Heung-Min,Heung-Min,Son,Korea Republic,https://media.api-sports.io/football/players/186.png,Tottenham,Attacker,31,35,2948,17,10,54700000.0
190,2023,Cédric Soares,Cédric Ricardo,Alves Soares,Portugal,https://media.api-sports.io/football/players/190.png,Arsenal,Defender,31,3,59,0,0,6300000.0
207,2023,I. Perišić,Ivan,Perišić,Croatia,https://media.api-sports.io/football/players/207.png,Tottenham,Attacker,34,5,98,0,1,3300000.0
247,2023,C. Gakpo,Cody Mathès,Gakpo,Netherlands,https://media.api-sports.io/football/players/247.png,Liverpool,Attacker,24,35,1652,8,5,45800000.0
253,2023,A. Areola,Alphonse Francis,Areola,France,https://media.api-sports.io/football/players/253.png,West Ham,Goalkeeper,30,31,2702,0,0,8000000.0
261,2023,T. Kehrer,Jan Thilo,Kehrer,Germany,https://media.api-sports.io/football/players/261.png,West Ham,Defender,26,4,18,0,0,8700000.0
269,2023,C. Nkunku,Christopher Alan,Nkunku,France,https://media.api-sports.io/football/players/269.png,Chelsea,Attacker,25,11,435,3,0,13700000.0
280,2023,Alisson Becker,Alisson Ramsés,Becker,Brazil,https://media.api-sports.io/football/players/280.png,Liverpool,Goalkeeper,30,28,2520,0,0,7100000.0
281,2023,C. Kelleher,Caoimhín Odhrán,Kelleher,Republic of Ireland,https://media.api-sports.io/football/players/281.png,Liverpool,Goalkeeper,24,10,900,0,0,5500000.0
283,2023,T. Alexander-Arnold,Trent John,Alexander-Arnold,England,https://media.api-sports.io/football/players/283.png,Liverpool,Defender,24,28,2161,3,4,18700000.0
284,2023,J. Gomez,Joseph Dave,Gomez,England,https://media.api-sports.io/football/players/284.png,Liverpool,Defender,26,32,1777,0,1,25600000.0
285,2023,K. Hoever,Ki-Jana Delano,Hoever,Netherlands,https://media.api-sports.io/football/players/285.png,Wolves,Defender,21,0,0,0,0,4300000.0
286,2023,J. Matip,Job Joël André,Matip,Cameroon,https://media.api-sports.io/football/players/286.png,Liverpool,Defender,31,10,783,0,0,5700000.0
289,2023,A. Robertson,Andrew Henry,Robertson,Scotland,https://media.api-sports.io/football/players/289.png,Liverpool,Defender,29,23,1691,3,2,12000000.0
290,2023,V. van Dijk,Virgil,van Dijk,Netherlands,https://media.api-sports.io/football/players/290.png,Liverpool,Defender,32,36,3178,2,2,14700000.0
292,2023,J. Henderson,Jordan Brian,Henderson,England,https://media.api-sports.io/football/players/292.png,Liverpool,Midfielder,33,0,0,0,0,4700000.0
293,2023,C. Jones,Curtis Julian,Jones,England,https://media.api-sports.io/football/players/293.png,Liverpool,Midfielder,22,27,1165,1,1,13300000.0
295,2023,A. Lallana,Adam David,Lallana,England,https://media.api-sports.io/football/players/295.png,Brighton,Midfielder,35,25,850,0,1,3800000.0
296,2023,J. Milner,James Philip,Milner,England,https://media.api-sports.io/football/players/296.png,Brighton,Midfielder,37,17,778,0,2,2900000.0
297,2023,A. Oxlade-Chamberlain,Alexander Mark David,Oxlade-Chamberlain,England,https://media.api-sports.io/football/players/297.png,Liverpool,Midfielder,29,0,0,0,0,4900000.0
299,2023,Fabinho,Fábio Henrique,Tavares,Brazil,https://media.api-sports.io/football/players/299.png,Liverpool,Midfielder,29,0,0,0,0,8700000.0
306,2023,Mohamed Salah,Mohamed,Salah Hamed Mahrous Ghaly,Egypt,https://media.api-sports.io/football/players/306.png,Liverpool,Attacker,31,32,2535,18,10,81800000.0
378,2023,Alex Telles,Alex,Nicolao Telles,Brazil,https://media.api-sports.io/football/players/378.png,Manchester United,Defender,30,0,0,0,0,3700000.0
507,2023,Thiago Alcântara,Thiago,Alcântara do Nascimento,Spain,https://media.api-sports.io/football/players/507.png,Liverpool,Midfielder,32,1,5,0,0,4400000.0
537,2023,J. Veltman,Joël Ivo,Veltman,Netherlands,https://media.api-sports.io/football/players/537.png,Brighton,Defender,31,29,1591,1,1,9200000.0
542,2023,R. Gravenberch,Ryan Jiro,Gravenberch,Netherlands,https://media.api-sports.io/football/players/542.png,Liverpool,Midfielder,21,31,1138,1,0,12100000.0
547,2023,D. van de Beek,Donny,van de Beek,Netherlands,https://media.api-sports.io/football/players/547.png,Manchester United,Midfielder,26,1,2,0,0,6800000.0
557,2023,O. Vlachodimos,Odysseas,Vlachodimos,Greece,https://media.api-sports.io/football/players/557.png,Newcastle,Goalkeeper,29,19,450,0,0,2000000.0
567,2023,Rúben Dias,Rúben,dos Santos Gato Alves Dias,Portugal,https://media.api-sports.io/football/players/567.png,Manchester City,Defender,26,30,2557,0,0,17300000.0
616,2023,A. Murić,Arijanet,Murić,Kosovo,https://media.api-sports.io/football/players/616.png,Burnley,Goalkeeper,24,10,900,0,0,5100000.0
617,2023,Ederson,Ederson,Santana de Moraes,Brazil,https://media.api-sports.io/football/players/617.png,Manchester City,Goalkeeper,29,33,2788,0,0,7300000.0
622,2023,Aymeric Laporte,Aymeric Jean Louis Gérard Alph,Laporte,Spain,https://media.api-sports.io/football/players/622.png,Manchester City,Defender,29,1,11,0,0,4200000.0
626,2023,J. Stones,John,Stones,England,https://media.api-sports.io/football/players/626.png,Manchester City,Defender,29,27,1064,1,0,15800000.0
627,2023,K. Walker,Kyle Andrew,Walker,England,https://media.api-sports.io/football/players/627.png,Manchester City,Defender,33,32,2767,0,4,4200000.0
629,2023,K. De Bruyne,Kevin,De Bruyne,Belgium,https://media.api-sports.io/football/players/629.png,Manchester City,Midfielder,32,21,1235,4,10,21300000.0
631,2023,P. Foden,Philip Walter,Foden,England,https://media.api-sports.io/football/players/631.png,Manchester City,Midfielder,23,37,2874,19,8,29500000.0
635,2023,R. Mahrez,Riyad Karim,Mahrez,Algeria,https://media.api-sports.io/football/players/635.png,Manchester City,Attacker,32,0,0,0,0,4600000.0
636,2023,Bernardo Silva,Bernardo,Mota Veiga de Carvalho e Silva,Portugal,https://media.api-sports.io/football/players/636.png,Manchester City,Midfielder,28,33,2581,6,9,43800000.0
641,2023,O. Zinchenko,Oleksandr,Zinchenko,Ukraine,https://media.api-sports.io/football/players/641.png,Arsenal,Defender,26,32,1730,1,2,10800000.0
643,2023,Gabriel Jesus,Gabriel Fernando,de Jesus,Brazil,https://media.api-sports.io/football/players/643.png,Arsenal,Attacker,26,27,1481,4,5,20900000.0
657,2023,K. Tete,Kenny Joelle,Tete,Netherlands,https://media.api-sports.io/football/players/657.png,Fulham,Defender,27,28,891,1,0,14900000.0
662,2023,T. Ndombélé,Tanguy,Ndombélé Alvaro,France,https://media.api-sports.io/football/players/662.png,Tottenham,Midfielder,26,0,0,0,0,5700000.0
665,2023,M. Cornet,Gnaly Albert Maxwel,Cornet,Côte d'Ivoire,https://media.api-sports.io/football/players/665.png,West Ham,Attacker,26,28,128,1,0,8600000.0
697,2023,M. Solomon,Manor,Solomon,Israel,https://media.api-sports.io/football/players/697.png,Tottenham,Attacker,24,5,198,0,2,14200000.0
723,2023,Joelinton,Joelinton Cássio,Apolinário de Lira,Brazil,https://media.api-sports.io/football/players/723.png,Newcastle,Midfielder,26,20,1282,2,1,12000000.0
727,2023,R. Nelson,Reiss Luke,Nelson,England,https://media.api-sports.io/football/players/727.png,Arsenal,Attacker,23,30,276,0,0,6600000.0
739,2023,Reguilón,Sergio,Reguilón Rodríguez,Spain,https://media.api-sports.io/football/players/739.png,Manchester United,Defender,26,9,410,0,4,8700000.0
742,2023,R. Varane,Raphaël Xavier,Varane,France,https://media.api-sports.io/football/players/742.png,Manchester United,Defender,30,22,1373,1,0,12600000.0
792,2023,J. Kluivert,Justin Dean,Kluivert,Netherlands,https://media.api-sports.io/football/players/792.png,Bournemouth,Attacker,24,38,1942,7,1,31200000.0
842,2023,N. Vlašić,Nikola,Vlašić,Croatia,https://media.api-sports.io/football/players/842.png,West Ham,Midfielder,25,0,0,0,0,6500000.0
855,2023,João Cancelo,João Pedro,Cavaco Cancelo,Portugal,https://media.api-sports.io/football/players/855.png,Manchester City,Defender,29,0,0,0,0,4900000.0
863,2023,R. Bentancur,Rodrigo,Bentancur Colmán,Uruguay,https://media.api-sports.io/football/players/863.png,Tottenham,Midfielder,26,23,1007,1,1,9100000.0
882,2023,David de Gea,David,de Gea Quintana,Spain,https://media.api-sports.io/football/players/882.png,Manchester United,Goalkeeper,32,0,0,0,0,2000000.0
885,2023,E. Bailly,Eric Bertrand,Bailly,Côte d'Ivoire,https://media.api-sports.io/football/players/885.png,Manchester United,Defender,29,0,0,0,0,5800000.0
888,2023,P. Jones,Phil Anthony,Jones,England,https://media.api-sports.io/football/players/888.png,Manchester United,Defender,31,0,0,0,0,2300000.0
891,2023,L. Shaw,Luke Paul Hoare,Shaw,England,https://media.api-sports.io/football/players/891.png,Manchester United,Defender,28,12,962,0,0,12200000.0
894,2023,A. Young,Ashley Simon,Young,England,https://media.api-sports.io/football/players/894.png,Everton,Defender,38,31,2289,0,0,2200000.0
895,2023,J. Garner,James David,Garner,England,https://media.api-sports.io/football/players/895.png,Everton,Midfielder,22,37,3006,1,2,22900000.0
897,2023,M. Greenwood,Mason Will John,Greenwood,England,https://media.api-sports.io/football/players/897.png,Manchester United,Attacker,21,0,0,0,0,4500000.0
899,2023,Andreas Pereira,Andreas Hugo,Hoelgebaum Pereira,Brazil,https://media.api-sports.io/football/players/899.png,Fulham,Midfielder,27,37,2638,3,7,29400000.0
903,2023,S. McTominay,Scott Francis,McTominay,Scotland,https://media.api-sports.io/football/players/903.png,Manchester United,Midfielder,26,34,1919,7,1,27600000.0
907,2023,R. Lukaku,Romelu Menama,Lukaku Bolingoli,Belgium,https://media.api-sports.io/football/players/907.png,Chelsea,Attacker,30,0,0,0,0,6000000.0
908,2023,A. Martial,Anthony Jordan,Martial,France,https://media.api-sports.io/football/players/908.png,Manchester United,Attacker,27,13,445,1,0,10200000.0
909,2023,M. Rashford,Marcus,Rashford,England,https://media.api-sports.io/football/players/909.png,Manchester United,Attacker,25,33,2278,7,2,40400000.0
912,2023,Neto,Norberto,Murara Neto,Brazil,https://media.api-sports.io/football/players/912.png,Bournemouth,Goalkeeper,34,32,2880,0,0,3200000.0
925,2023,Gonçalo Guedes,Gonçalo Manuel,Ganchinho Guedes,Portugal,https://media.api-sports.io/football/players/925.png,Wolves,Attacker,26,0,0,0,0,7200000.0
946,2023,K. Mbabu,Melingo Kevin,Mbabu,Switzerland,https://media.api-sports.io/football/players/946.png,Fulham,Defender,28,0,0,0,0,9800000.0
978,2023,K. Havertz,Kai Lukas,Havertz,Germany,https://media.api-sports.io/football/players/978.png,Arsenal,Attacker,24,37,2639,13,7,67400000.0
1096,2023,D. Szoboszlai,Dominik,Szoboszlai,Hungary,https://media.api-sports.io/football/players/1096.png,Liverpool,Midfielder,22,33,2108,3,2,24900000.0
1100,2023,E. Haaland,Erling,Braut Haaland,Norway,https://media.api-sports.io/football/players/1100.png,Manchester City,Attacker,23,32,2556,27,5,71000000.0
1117,2023,K. Tierney,Kieran,Tierney,Scotland,https://media.api-sports.io/football/players/1117.png,Arsenal,Defender,26,0,0,0,0,5100000.0
1125,2023,R. Christie,Ryan,Christie,Scotland,https://media.api-sports.io/football/players/1125.png,Bournemouth,Midfielder,28,37,2918,0,5,12100000.0
1135,2023,O. Édouard,Odsonne,Édouard,France,https://media.api-sports.io/football/players/1135.png,Crystal Palace,Attacker,25,30,1554,7,0,21500000.0
1145,2023,I. Konaté,Ibrahima,Konaté,France,https://media.api-sports.io/football/players/1145.png,Liverpool,Defender,24,33,1586,0,0,16100000.0
1150,2023,T. Adams,Tyler Shaan,Adams,USA,https://media.api-sports.io/football/players/1150.png,Bournemouth,Midfielder,24,5,118,0,0,7700000.0
1161,2023,E. Smith Rowe,Emile,Smith Rowe,England,https://media.api-sports.io/football/players/1161.png,Arsenal,Midfielder,23,13,346,0,1,6600000.0
1165,2023,Matheus Cunha,Matheus Santos,Carneiro da Cunha,Brazil,https://media.api-sports.io/football/players/1165.png,Manchester United,Attacker,24,32,2453,12,7,69400000.0
1166,2023,T. Werner,Timo,Werner,Germany,https://media.api-sports.io/football/players/1166.png,Tottenham,Attacker,27,13,815,2,3,10500000.0
1231,2023,V. Coufal,Vladimír,Coufal,Czechia,https://media.api-sports.io/football/players/1231.png,West Ham,Defender,30,36,3140,0,7,13900000.0
1243,2023,T. Souček,Tomáš,Souček,Czechia,https://media.api-sports.io/football/players/1243.png,West Ham,Midfielder,28,37,2876,7,2,22100000.0
1411,2023,H. Delcroix,Hannes,Delcroix,Belgium,https://media.api-sports.io/football/players/1411.png,Burnley,Defender,24,12,583,0,0,7800000.0
1422,2023,J. Doku,Jérémy Baffour,Doku,Belgium,https://media.api-sports.io/football/players/1422.png,Manchester City,Attacker,21,31,1599,3,8,17100000.0
1427,2023,A. Sambi Lokonga,Albert-Mboyo,Sambi Lokonga,Belgium,https://media.api-sports.io/football/players/1427.png,Arsenal,Midfielder,23,0,0,0,3,6200000.0
1438,2023,B. Leno,Bernd,Leno,Germany,https://media.api-sports.io/football/players/1438.png,Fulham,Goalkeeper,31,38,3420,0,0,7800000.0
1440,2023,R. Holding,Robert Samuel,Holding,England,https://media.api-sports.io/football/players/1440.png,Arsenal,Defender,27,0,0,0,0,2300000.0
1445,2023,K. Mavropanos,Konstantinos,Mavropanos,Greece,https://media.api-sports.io/football/players/1445.png,West Ham,Defender,25,19,1498,1,0,15100000.0
1452,2023,Mohamed Elneny,Mohamed Naser,Elsayed Elneny,Egypt,https://media.api-sports.io/football/players/1452.png,Arsenal,Midfielder,31,16,36,0,0,4400000.0
1455,2023,A. Iwobi,Alexander Chuka,Iwobi,Nigeria,https://media.api-sports.io/football/players/1455.png,Fulham / Everton,Attacker,27,32,2342,5,0,32000000.0
1460,2023,B. Saka,Bukayo Ayoyinka Temidayo,Saka,England,https://media.api-sports.io/football/players/1460.png,Arsenal,Attacker,21,35,2933,16,8,41800000.0
1463,2023,J. Willock,Joseph George,Willock,England,https://media.api-sports.io/football/players/1463.png,Newcastle,Midfielder,23,9,419,1,0,7500000.0
1468,2023,E. Nketiah,Edward,Keddar Nketiah,England,https://media.api-sports.io/football/players/1468.png,Arsenal,Attacker,24,27,1072,5,2,18300000.0
1469,2023,D. Welbeck,Daniel Nii,Tackie Mensah Welbeck,England,https://media.api-sports.io/football/players/1469.png,Brighton,Attacker,32,30,1703,5,1,19000000.0
1566,2023,Emerson Royal,Emerson Aparecido,Leite de Souza Júnior,Brazil,https://media.api-sports.io/football/players/1566.png,Tottenham,Defender,24,22,1153,1,0,12100000.0
1578,2023,G. Lo Celso,Giovani,Lo Celso,Argentina,https://media.api-sports.io/football/players/1578.png,Tottenham,Midfielder,27,22,495,2,2,23000000.0
1590,2023,José Sá,José Pedro,Malheiro de Sá,Portugal,https://media.api-sports.io/football/players/1590.png,Wolves,Goalkeeper,30,35,3038,0,1,6100000.0
1600,2023,K. Tsimikas,Konstantinos,Tsimikas,Greece,https://media.api-sports.io/football/players/1600.png,Liverpool,Defender,27,13,676,0,3,8000000.0
1605,2023,Daniel Podence,Daniel,Castelo Podence,Portugal,https://media.api-sports.io/football/players/1605.png,Wolves,Attacker,27,0,0,0,0,8700000.0
1646,2023,Lucas Paquetá,Lucas,Tolentino Coelho de Lima,Brazil,https://media.api-sports.io/football/players/1646.png,West Ham,Midfielder,25,31,2638,4,6,53900000.0
1697,2023,Pablo Fornals,Pablo,Fornals Malla,Spain,https://media.api-sports.io/football/players/1697.png,West Ham,Midfielder,27,21,452,0,0,15700000.0
1746,2023,J. Worrall,Joseph Adrian,Worrall,England,https://media.api-sports.io/football/players/1746.png,Burnley,Defender,26,14,439,0,0,14700000.0
1853,2023,Bruno Jordão,Bruno André,Cavaco Jordão,Portugal,https://media.api-sports.io/football/players/1853.png,Wolves,Midfielder,24,0,0,0,0,5400000.0
1864,2023,Pedro Neto,Pedro,Lomba Neto,Portugal,https://media.api-sports.io/football/players/1864.png,Wolves,Attacker,23,20,1518,2,9,26900000.0
1934,2023,S. Berge,Sander Gard,Bolin Berge,Norway,https://media.api-sports.io/football/players/1934.png,Burnley,Midfielder,25,37,3005,1,2,21000000.0
1946,2023,L. Trossard,Leandro,Trossard,Belgium,https://media.api-sports.io/football/players/1946.png,Arsenal,Attacker,28,34,1647,12,1,28600000.0
1972,2023,L. Karius,Loris Sven,Karius,Germany,https://media.api-sports.io/football/players/1972.png,Newcastle,Goalkeeper,30,1,90,0,0,1900000.0
2056,2023,Pablo Sarabia,Pablo,Sarabia García,Spain,https://media.api-sports.io/football/players/2056.png,Wolves,Attacker,31,30,1757,4,7,15700000.0
2061,2023,Bryan Gil,Bryan,Gil Salvatierra,Spain,https://media.api-sports.io/football/players/2061.png,Tottenham,Attacker,22,11,202,0,0,5400000.0
2109,2023,S. Bastien,Samuel Christopher,Bastien Binda,Congo DR,https://media.api-sports.io/football/players/2109.png,Burnley,Midfielder,26,0,0,0,0,5700000.0
2165,2023,V. Mykolenko,Vitalii,Mykolenko,Ukraine,https://media.api-sports.io/football/players/2165.png,Everton,Defender,24,28,2472,2,0,13900000.0
2273,2023,Kepa,Kepa,Arrizabalaga Revuelta,Spain,https://media.api-sports.io/football/players/2273.png,Chelsea,Goalkeeper,28,0,0,0,0,1700000.0
2276,2023,J. Cumming,James Andrew,Cumming,England,https://media.api-sports.io/football/players/2276.png,Chelsea,Goalkeeper,23,0,0,0,0,1900000.0
2279,2023,E. Ampadu,Ethan Kwame Colm Raymond,Ampadu,Wales,https://media.api-sports.io/football/players/2279.png,Chelsea,Defender,22,0,0,0,0,4500000.0
2284,2023,Emerson,Emerson,Palmieri dos Santos,Italy,https://media.api-sports.io/football/players/2284.png,West Ham,Defender,28,36,3142,1,2,21800000.0
2289,2023,Jorginho,Jorge Luiz,Frello Filho,Italy,https://media.api-sports.io/football/players/2289.png,Arsenal,Midfielder,31,24,914,0,2,17200000.0
2291,2023,M. Kovačić,Mateo,Kovačić,Croatia,https://media.api-sports.io/football/players/2291.png,Manchester City,Midfielder,29,34,1581,1,0,30500000.0
2294,2023,Willian,Willian,Borges da Silva,Brazil,https://media.api-sports.io/football/players/2294.png,Fulham,Attacker,34,31,2061,4,2,11800000.0
2298,2023,C. Hudson-Odoi,Callum James,Hudson-Odoi,England,https://media.api-sports.io/football/players/2298.png,Chelsea,Attacker,22,0,0,0,1,4200000.0
2413,2023,Richarlison,Richarlison,de Andrade,Brazil,https://media.api-sports.io/football/players/2413.png,Tottenham,Attacker,26,29,1510,11,4,17400000.0
2467,2023,Lisandro Martínez,Lisandro,Martínez,Argentina,https://media.api-sports.io/football/players/2467.png,Manchester United,Defender,25,11,656,0,1,7700000.0
2473,2023,M. Lanzini,Manuel,Lanzini,Argentina,https://media.api-sports.io/football/players/2473.png,West Ham,Midfielder,30,0,0,0,0,1700000.0
2489,2023,L. Díaz,Luis Fernando,Díaz Marulanda,Colombia,https://media.api-sports.io/football/players/2489.png,Liverpool,Attacker,26,37,2663,8,5,34800000.0
2490,2023,J. Lerma,Jefferson Andrés,Lerma Solís,Colombia,https://media.api-sports.io/football/players/2490.png,Crystal Palace,Midfielder,28,28,2403,1,1,22600000.0
2507,2023,M. Almirón,Miguel Ángel,Almirón Rejala,Paraguay,https://media.api-sports.io/football/players/2507.png,Newcastle,Midfielder,29,33,1947,3,1,15900000.0
2549,2023,L. Vigouroux,Lawrence Ian,Vigouroux,Chile,https://media.api-sports.io/football/players/2549.png,Burnley,Goalkeeper,29,0,0,0,0,3300000.0
2597,2023,T. Tomiyasu,Takehiro,Tomiyasu,Japan,https://media.api-sports.io/football/players/2597.png,Arsenal,Defender,24,23,1143,2,1,12200000.0
2677,2023,João Moutinho,João Filipe,Iria Santos Moutinho,Portugal,https://media.api-sports.io/football/players/2677.png,Wolves,Midfielder,36,0,0,0,0,2300000.0
2678,2023,Diogo Jota,Diogo José,Teixeira da Silva,Portugal,https://media.api-sports.io/football/players/2678.png,Liverpool,Attacker,26,21,1150,10,3,20700000.0
2726,2023,K. Zouma,Kurt Happy,Zouma,France,https://media.api-sports.io/football/players/2726.png,West Ham,Defender,28,33,2840,3,0,11000000.0
2729,2023,J. Andersen,Joachim Christian,Andersen,Denmark,https://media.api-sports.io/football/players/2729.png,Crystal Palace,Defender,27,38,3418,2,3,23600000.0
2734,2023,P. Billing,Philip,Anyanwu Billing,Denmark,https://media.api-sports.io/football/players/2734.png,Bournemouth,Midfielder,27,29,1392,2,2,17200000.0
2735,2023,P. Højbjerg,Pierre-Emile Kordt,Højbjerg,Denmark,https://media.api-sports.io/football/players/2735.png,Tottenham,Midfielder,27,36,1287,0,0,30200000.0
2784,2023,R. Rúnarsson,Rúnar Alex,Rúnarsson,Iceland,https://media.api-sports.io/football/players/2784.png,Arsenal,Goalkeeper,28,0,0,0,0,3500000.0
2790,2023,J. Guðmunds­son,Jóhann Berg,Guðmunds­son,Iceland,https://media.api-sports.io/football/players/2790.png,Burnley,Attacker,32,26,1189,1,3,20100000.0
2806,2023,F. Schär,Fabian Lukas,Schär,Switzerland,https://media.api-sports.io/football/players/2806.png,Newcastle,Defender,31,36,3054,4,1,10500000.0
2823,2023,S. Lukić,Saša,Lukić,Serbia,https://media.api-sports.io/football/players/2823.png,Fulham,Midfielder,26,33,1134,1,0,9000000.0
2825,2023,A. Mitrović,Aleksandar,Mitrović,Serbia,https://media.api-sports.io/football/players/2825.png,Fulham,Attacker,28,1,32,0,0,9200000.0
2855,2023,E. Krafth,Emil Henry Kristoffer,Krafth,Sweden,https://media.api-sports.io/football/players/2855.png,Newcastle,Defender,28,28,926,0,0,8000000.0
2864,2023,A. Isak,Alexander,Isak,Sweden,https://media.api-sports.io/football/players/2864.png,Newcastle,Attacker,23,31,2265,21,2,90300000.0
2869,2023,E. Álvarez,Edson Omar,Álvarez Velázquez,Mexico,https://media.api-sports.io/football/players/2869.png,West Ham,Midfielder,25,31,2383,1,1,13300000.0
2887,2023,R. Jiménez,Raúl Alonso,Jiménez Rodríguez,Mexico,https://media.api-sports.io/football/players/2887.png,Fulham,Attacker,32,24,1436,7,0,28500000.0
2920,2023,T. Castagne,Timothy,Castagne,Belgium,https://media.api-sports.io/football/players/2920.png,Fulham,Defender,27,35,2634,1,3,14800000.0
2931,2023,T. Heaton,Thomas David,Heaton,England,https://media.api-sports.io/football/players/2931.png,Manchester United,Goalkeeper,37,0,0,0,0,600000.0
2932,2023,J. Pickford,Jordan Lee,Pickford,England,https://media.api-sports.io/football/players/2932.png,Everton,Goalkeeper,29,38,3420,0,0,10300000.0
2933,2023,B. Chilwell,Benjamin James,Chilwell,England,https://media.api-sports.io/football/players/2933.png,Chelsea,Defender,26,14,756,0,1,7000000.0
2934,2023,M. Keane,Michael Vincent,Keane,England,https://media.api-sports.io/football/players/2934.png,Everton,Defender,30,9,435,1,0,6400000.0
2935,2023,H. Maguire,Jacob Harry,Maguire,England,https://media.api-sports.io/football/players/2935.png,Manchester United,Defender,30,25,1667,2,2,10400000.0
2936,2023,J. Tarkowski,James Alan,Tarkowski,England,https://media.api-sports.io/football/players/2936.png,Everton,Defender,30,38,3420,1,1,14500000.0
2937,2023,D. Rice,Declan,Rice,England,https://media.api-sports.io/football/players/2937.png,Arsenal,Midfielder,24,38,3232,7,8,26600000.0
2938,2023,J. Ward-Prowse,James Michael Edward,Ward-Prowse,England,https://media.api-sports.io/football/players/2938.png,West Ham,Midfielder,28,37,3005,7,7,31200000.0
2939,2023,C. Wilson,Callum Eddie Graham,Wilson,England,https://media.api-sports.io/football/players/2939.png,Newcastle,Attacker,31,20,993,9,1,11300000.0
2990,2023,I. Gueye,Idrissa Gana,Gueye,Senegal,https://media.api-sports.io/football/players/2990.png,Everton,Midfielder,33,25,1895,4,0,13400000.0
2997,2023,Ł. Fabiański,Łukasz Marek,Fabiański,Poland,https://media.api-sports.io/football/players/2997.png,West Ham,Goalkeeper,38,10,718,0,0,1800000.0
3240,2023,J. Gbamin,Jean-Philippe,Gbamin,Côte d'Ivoire,https://media.api-sports.io/football/players/3240.png,Everton,Defender,27,0,0,0,0,6600000.0
3246,2023,N. Pépé,Nicolas,Pépé,Côte d'Ivoire,https://media.api-sports.io/football/players/3246.png,Arsenal,Attacker,28,0,0,0,0,6500000.0
3247,2023,W. Zaha,Dazet Wilfried,Armel Zaha,Côte d'Ivoire,https://media.api-sports.io/football/players/3247.png,Crystal Palace,Attacker,30,0,0,0,0,7000000.0
3339,2023,C. Doucouré,Cheick Oumar,Doucouré,Mali,https://media.api-sports.io/football/players/3339.png,Crystal Palace,Midfielder,23,12,921,0,0,11600000.0
3428,2023,J. Ayew,Jordan Pierre,Ayew,Ghana,https://media.api-sports.io/football/players/3428.png,Crystal Palace,Attacker,31,35,2551,4,7,31500000.0
6009,2023,J. Álvarez,Julián,Álvarez,Argentina,https://media.api-sports.io/football/players/6009.png,Manchester City,Attacker,23,38,2657,11,8,52600000.0
6610,2023,M. Senesi,Marcos Nicolás,Senesi Barón,Argentina,https://media.api-sports.io/football/players/6610.png,Bournemouth,Defender,26,32,2268,4,5,27400000.0
6716,2023,A. Mac Allister,Alexis,Mac Allister,Argentina,https://media.api-sports.io/football/players/6716.png,Liverpool,Midfielder,24,33,2611,5,5,33900000.0
7600,2023,Igor,Igor Júlio,dos Santos de Paulo,Brazil,https://media.api-sports.io/football/players/7600.png,Brighton,Defender,25,34,1636,0,0,16700000.0
7722,2023,S. Kalajdzic,Saša,Kalajdžić,Austria,https://media.api-sports.io/football/players/7722.png,Wolves,Attacker,26,20,176,2,0,10800000.0
8500,2023,W. Endo,Wataru,Endo,Japan,https://media.api-sports.io/football/players/8500.png,Liverpool,Midfielder,30,29,1722,1,0,6500000.0
8589,2023,B. Manuel,Benson,Manuel Hedilazio,Belgium,https://media.api-sports.io/football/players/8589.png,Burnley,Attacker,26,21,133,0,0,4200000.0
8661,2023,Vitinho,Victor Alexander,da Silva,Brazil,https://media.api-sports.io/football/players/8661.png,Burnley,Defender,24,34,2323,0,2,30100000.0
9971,2023,Antony,Antony Matheus,dos Santos,Brazil,https://media.api-sports.io/football/players/9971.png,Manchester United,Attacker,23,29,1322,1,1,35900000.0
10135,2023,Bruno Guimarães,Bruno,Guimarães Rodriguez Moura,Brazil,https://media.api-sports.io/football/players/10135.png,Newcastle,Midfielder,25,37,3268,7,8,39600000.0
10329,2023,João Pedro,João Pedro,Junqueira de Jesus,Brazil,https://media.api-sports.io/football/players/10329.png,Chelsea,Attacker,21,31,2045,9,3,19400000.0
13736,2023,D. Muñoz,Daniel,Muñoz Mejía,Colombia,https://media.api-sports.io/football/players/13736.png,Crystal Palace,Defender,27,16,1440,0,4,19600000.0
15911,2023,M. Kudus,Mohammed,Kudus,Ghana,https://media.api-sports.io/football/players/15911.png,West Ham,Midfielder,22,33,2487,8,6,17400000.0
17597,2023,D. O&apos;Shea,Dara Joseph,O'Shea,Republic of Ireland,https://media.api-sports.io/football/players/17597.png,Burnley,Defender,24,34,2894,3,4,18600000.0
17661,2023,J. Branthwaite,Jarrad Paul,Branthwaite,England,https://media.api-sports.io/football/players/17661.png,Everton,Defender,21,35,3117,3,0,26400000.0
17715,2023,S. Alzate,Steven,Alzate,Colombia,https://media.api-sports.io/football/players/17715.png,Brighton,Midfielder,24,0,0,0,0,7700000.0
18740,2023,Jonny,Jonathan,Castro Otto,Spain,https://media.api-sports.io/football/players/18740.png,Wolves,Defender,29,8,11,0,0,8400000.0
18742,2023,M. Doherty,Matthew James,Doherty,Republic of Ireland,https://media.api-sports.io/football/players/18742.png,Wolves,Defender,31,30,1136,1,0,7200000.0
18744,2023,M. Kilman,Maximilian William,Kilman,England,https://media.api-sports.io/football/players/18744.png,Wolves,Defender,26,38,3420,2,0,21800000.0
18747,2023,R. Giles,Ryan,Giles,England,https://media.api-sports.io/football/players/18747.png,Wolves,Defender,23,0,0,0,0,8700000.0
18751,2023,Ivan Cavaleiro,Ivan Ricardo,Neves Abreu Cavaleiro,Portugal,https://media.api-sports.io/football/players/18751.png,Fulham,Attacker,29,0,0,0,0,6800000.0
18753,2023,Adama Traoré,Adama,Traoré Diarra,Spain,https://media.api-sports.io/football/players/18753.png,Fulham,Attacker,27,19,404,2,3,12400000.0
18755,2023,João Virgínia,João Manuel,Neves Virgínia,Portugal,https://media.api-sports.io/football/players/18755.png,Everton,Goalkeeper,23,0,0,0,0,1700000.0
18758,2023,S. Coleman,Séamus,Coleman,Republic of Ireland,https://media.api-sports.io/football/players/18758.png,Everton,Defender,34,12,662,0,0,3300000.0
18762,2023,T. Davies,Thomas,Davies,England,https://media.api-sports.io/football/players/18762.png,Everton,Midfielder,25,0,0,0,0,3000000.0
18765,2023,André Gomes,André Filipe,Tavares Gomes,Portugal,https://media.api-sports.io/football/players/18765.png,Everton,Midfielder,30,12,503,1,0,5400000.0
18766,2023,D. Calvert-Lewin,Dominic Nathaniel,Calvert-Lewin,England,https://media.api-sports.io/football/players/18766.png,Everton,Attacker,26,32,2185,7,2,23000000.0
18772,2023,J. Evans,Jonathan Grant,Evans,Northern Ireland,https://media.api-sports.io/football/players/18772.png,Manchester United,Defender,35,23,1391,0,1,3100000.0
18778,2023,H. Barnes,Harvey Lewis,Barnes,England,https://media.api-sports.io/football/players/18778.png,Newcastle,Midfielder,25,21,794,5,3,33200000.0
18781,2023,D. Gray,Demarai Ramelle,Gray,Jamaica,https://media.api-sports.io/football/players/18781.png,Everton,Attacker,27,0,0,0,0,5700000.0
18784,2023,J. Maddison,James Daniel,Maddison,England,https://media.api-sports.io/football/players/18784.png,Tottenham,Midfielder,26,28,2154,4,9,31100000.0
18805,2023,A. Doucouré,Abdoulaye,Doucouré,Mali,https://media.api-sports.io/football/players/18805.png,Everton,Midfielder,30,32,2643,7,1,9700000.0
18806,2023,W. Hughes,William James,Hughes,England,https://media.api-sports.io/football/players/18806.png,Crystal Palace,Midfielder,28,31,1904,0,1,17200000.0
18812,2023,Adrián,Adrián,San Miguel del Castillo,Spain,https://media.api-sports.io/football/players/18812.png,Liverpool,Goalkeeper,36,0,0,0,0,1500000.0
18813,2023,A. Cresswell,Aaron William,Cresswell,England,https://media.api-sports.io/football/players/18813.png,West Ham,Defender,33,11,431,0,0,5000000.0
18814,2023,I. Diop,Issa Laye Lucas Jean,Diop,France,https://media.api-sports.io/football/players/18814.png,Fulham,Defender,26,21,1426,0,0,22700000.0
18815,2023,R. Fredericks,Ryan,Marlowe Fredericks,England,https://media.api-sports.io/football/players/18815.png,Bournemouth,Defender,30,0,0,0,0,7300000.0
18817,2023,A. Ogbonna,Angelo,Obinze Ogbonna,Italy,https://media.api-sports.io/football/players/18817.png,West Ham,Defender,35,11,633,0,0,2500000.0
18819,2023,M. Antonio,Michail Gregory,Antonio,Jamaica,https://media.api-sports.io/football/players/18819.png,West Ham,Attacker,33,26,1708,6,2,11200000.0
18820,2023,C. Coventry,Conor James,Coventry,Republic of Ireland,https://media.api-sports.io/football/players/18820.png,West Ham,Midfielder,23,0,0,0,0,8000000.0
18823,2023,B. Johnson,Benjamin Anthony,Johnson,England,https://media.api-sports.io/football/players/18823.png,West Ham,Defender,23,25,550,0,0,10100000.0
18835,2023,Guaita,Vicente,Guaita Panadero,Spain,https://media.api-sports.io/football/players/18835.png,Crystal Palace,Goalkeeper,36,0,0,0,0,1000000.0
18843,2023,J. Schlupp,Jeffrey,Schlupp,Ghana,https://media.api-sports.io/football/players/18843.png,Crystal Palace,Midfielder,30,29,1356,2,2,13700000.0
18844,2023,J. Tomkins,James Oliver Charles,Tomkins,England,https://media.api-sports.io/football/players/18844.png,Crystal Palace,Defender,34,4,5,0,0,3200000.0
18846,2023,A. Wan-Bissaka,Aaron,Wan-Bissaka,England,https://media.api-sports.io/football/players/18846.png,Manchester United,Defender,25,22,1782,0,2,30800000.0
18847,2023,J. Ward,Joel Edward Philip,Ward,England,https://media.api-sports.io/football/players/18847.png,Crystal Palace,Defender,33,26,1981,0,1,8800000.0
18849,2023,J. McArthur,James,McFarlane McArthur,Scotland,https://media.api-sports.io/football/players/18849.png,Crystal Palace,Midfielder,35,0,0,0,0,2200000.0
18852,2023,L. Milivojević,Luka,Milivojević,Serbia,https://media.api-sports.io/football/players/18852.png,Crystal Palace,Midfielder,32,0,0,0,0,3300000.0
18853,2023,J. Riedewald,Jaïro Jocquim,Riedewald,Netherlands,https://media.api-sports.io/football/players/18853.png,Crystal Palace,Midfielder,26,9,229,0,0,5000000.0
18854,2023,A. Townsend,Andros Darryl,Townsend,England,https://media.api-sports.io/football/players/18854.png,Everton,Attacker,32,0,0,0,0,4100000.0
18858,2023,A. Begović,Asmir,Begović,Bosnia and Herzegovina,https://media.api-sports.io/football/players/18858.png,Everton,Goalkeeper,36,0,0,0,0,900000.0
18860,2023,M. Travers,Mark,Travers,Republic of Ireland,https://media.api-sports.io/football/players/18860.png,Everton,Goalkeeper,24,29,360,0,0,5500000.0
18861,2023,N. Aké,Nathan Benjamin,Aké,Netherlands,https://media.api-sports.io/football/players/18861.png,Manchester City,Defender,28,35,2052,2,2,10000000.0
18862,2023,N. Clyne,Nathaniel Edwin,Clyne,England,https://media.api-sports.io/football/players/18862.png,Crystal Palace,Defender,32,19,1337,0,0,6100000.0
18866,2023,C. Mepham,Christopher James,Mepham,Wales,https://media.api-sports.io/football/players/18866.png,Bournemouth,Defender,25,10,614,0,1,4600000.0
18869,2023,A. Smith,Adam James,Smith,England,https://media.api-sports.io/football/players/18869.png,Bournemouth,Defender,32,28,2158,0,2,8300000.0
18870,2023,D. Brooks,David Robert,Brooks,Wales,https://media.api-sports.io/football/players/18870.png,Bournemouth,Midfielder,26,13,272,1,1,10000000.0
18872,2023,L. Cook,Lewis John,Cook,England,https://media.api-sports.io/football/players/18872.png,Bournemouth,Midfielder,26,33,2792,0,3,17400000.0
18873,2023,R. Fraser,Ryan,Fraser,Scotland,https://media.api-sports.io/football/players/18873.png,Newcastle,Midfielder,29,0,0,0,0,3900000.0
18878,2023,J. Stanislas,Felix Junior,Stanislas,England,https://media.api-sports.io/football/players/18878.png,Bournemouth,Midfielder,33,0,0,0,0,2400000.0
18883,2023,D. Solanke,Dominic Ayodele,Solanke-Mitchell,England,https://media.api-sports.io/football/players/18883.png,Bournemouth,Attacker,25,38,3332,19,3,46000000.0
18885,2023,K. Darlow,Karl,Darlow,England,https://media.api-sports.io/football/players/18885.png,Newcastle,Goalkeeper,32,0,0,0,0,1400000.0
18886,2023,M. Dúbravka,Martin,Dúbravka,Slovakia,https://media.api-sports.io/football/players/18886.png,Newcastle,Goalkeeper,34,23,1984,0,0,8600000.0
18892,2023,P. Dummett,Paul,Dummett,Wales,https://media.api-sports.io/football/players/18892.png,Newcastle,Defender,31,5,15,0,0,2800000.0
18894,2023,J. Lascelles,Jamaal,Lascelles,England,https://media.api-sports.io/football/players/18894.png,Newcastle,Defender,29,16,1081,1,0,6900000.0
18896,2023,Javier Manquillo,Javier,Manquillo Gaitán,Spain,https://media.api-sports.io/football/players/18896.png,Newcastle,Defender,29,0,0,0,0,8200000.0
18899,2023,I. Hayden,Isaac Scott,Hayden,England,https://media.api-sports.io/football/players/18899.png,Newcastle,Midfielder,28,0,0,0,0,10100000.0
18901,2023,S. Longstaff,Sean David,Longstaff,England,https://media.api-sports.io/football/players/18901.png,Newcastle,Midfielder,25,35,2748,6,2,18000000.0
18903,2023,M. Ritchie,Matthew Thomas,Ritchie,Scotland,https://media.api-sports.io/football/players/18903.png,Newcastle,Midfielder,33,13,116,1,0,3900000.0
18911,2023,N. Pope,Nicholas David,Pope,England,https://media.api-sports.io/football/players/18911.png,Newcastle,Goalkeeper,31,18,1346,0,0,3600000.0
18918,2023,C. Taylor,Charles James,Taylor,England,https://media.api-sports.io/football/players/18918.png,Burnley,Defender,29,28,2330,1,1,21100000.0
18922,2023,J. Cork,Jack Frank,Porteous Cork,England,https://media.api-sports.io/football/players/18922.png,Burnley,Midfielder,34,4,23,0,0,4500000.0
18924,2023,J. Hendrick,Jeffrey Patrick,Hendrick,Republic of Ireland,https://media.api-sports.io/football/players/18924.png,Newcastle,Midfielder,31,0,0,0,0,4600000.0
18929,2023,D. McNeil,Dwight James Matthew,McNeil,England,https://media.api-sports.io/football/players/18929.png,Everton,Attacker,23,35,2897,3,6,52700000.0
18932,2023,F. Forster,Fraser Gerard,Forster,England,https://media.api-sports.io/football/players/18932.png,Tottenham,Goalkeeper,35,0,0,0,0,1500000.0
18941,2023,M. Targett,Matthew Robert,Targett,England,https://media.api-sports.io/football/players/18941.png,Newcastle,Defender,27,11,85,0,0,5800000.0
18947,2023,M. Lemina,Mario René Junior,Lemina,Gabon,https://media.api-sports.io/football/players/18947.png,Wolves,Midfielder,29,35,2975,4,1,18300000.0
18948,2023,N. Redmond,Nathan Daniel Jerome,Redmond,England,https://media.api-sports.io/football/players/18948.png,Burnley,Midfielder,29,12,145,0,0,5800000.0
18955,2023,D. Ings,Daniel William John,Ings,England,https://media.api-sports.io/football/players/18955.png,West Ham,Attacker,31,20,389,1,0,11500000.0
18957,2023,M. Obafemi,Michael,Oluwadurotimi Obafemi,Republic of Ireland,https://media.api-sports.io/football/players/18957.png,Burnley,Attacker,23,6,30,0,0,8800000.0
18959,2023,Robert Sánchez,Robert,Lynch Sánchez,Spain,https://media.api-sports.io/football/players/18959.png,Chelsea,Goalkeeper,25,16,1434,0,0,8600000.0
18960,2023,J. Steele,Jason Sean,Steele,England,https://media.api-sports.io/football/players/18960.png,Brighton,Goalkeeper,32,38,1530,0,0,5100000.0
18961,2023,D. Burn,Daniel Johnson,Burn,England,https://media.api-sports.io/football/players/18961.png,Newcastle,Defender,31,33,2732,2,2,18200000.0
18963,2023,L. Dunk,Lewis Carl,Dunk,England,https://media.api-sports.io/football/players/18963.png,Brighton,Defender,31,33,2873,3,1,17800000.0
18968,2023,Y. Bissouma,Yves,Bissouma,Mali,https://media.api-sports.io/football/players/18968.png,Tottenham,Midfielder,26,28,2083,0,0,17500000.0
18970,2023,P. Groß,Pascal,Groß,Germany,https://media.api-sports.io/football/players/18970.png,Brighton,Midfielder,32,36,3114,4,10,36900000.0
18972,2023,A. Knockaert,Anthony Patrick,Knockaert,France,https://media.api-sports.io/football/players/18972.png,Fulham,Midfielder,31,0,0,0,0,4700000.0
18973,2023,S. March,Solomon Benjamin,March,England,https://media.api-sports.io/football/players/18973.png,Brighton,Midfielder,29,8,558,3,1,17400000.0
19004,2023,B. De Cordova-Reid,Bobby Armani,De Cordova-Reid,Jamaica,https://media.api-sports.io/football/players/19004.png,Fulham,Attacker,30,33,1424,6,2,11000000.0
19012,2023,M. Bettinelli,Marcus,Bettinelli,England,https://media.api-sports.io/football/players/19012.png,Chelsea,Goalkeeper,31,18,0,0,0,2100000.0
19023,2023,T. Ream,Timothy Michael,Ream,USA,https://media.api-sports.io/football/players/19023.png,Fulham,Defender,35,31,1505,1,0,3400000.0
19025,2023,T. Cairney,Thomas,Cairney,Scotland,https://media.api-sports.io/football/players/19025.png,Fulham,Midfielder,32,38,1500,1,4,21000000.0
19032,2023,R. Sessegnon,Kouassi Ryan,Sessegnon,England,https://media.api-sports.io/football/players/19032.png,Tottenham,Midfielder,23,0,0,0,0,10700000.0
19035,2023,H. Elliott,Harvey Daniel James,Elliott,England,https://media.api-sports.io/football/players/19035.png,Liverpool,Midfielder,20,34,1337,3,6,18800000.0
19043,2023,T. Kongolo,Terence,Kongolo,Netherlands,https://media.api-sports.io/football/players/19043.png,Fulham,Defender,29,0,0,0,0,4600000.0
19070,2023,M. Aarons,Maximillian James,Aarons,England,https://media.api-sports.io/football/players/19070.png,Bournemouth,Defender,23,25,1249,0,1,11000000.0
19073,2023,B. Godfrey,Benjamin Matthew,Godfrey,England,https://media.api-sports.io/football/players/19073.png,Everton,Defender,25,38,1129,0,0,21800000.0
19076,2023,J. Lewis,Jamal Piaras,Lewis,Northern Ireland,https://media.api-sports.io/football/players/19076.png,Newcastle,Defender,25,0,0,0,0,5800000.0
19088,2023,D. Henderson,Dean Bradley,Henderson,England,https://media.api-sports.io/football/players/19088.png,Crystal Palace,Goalkeeper,26,25,1620,0,0,8900000.0
19115,2023,B. Peacock-Farrell,Bailey,Peacock-Farrell,Northern Ireland,https://media.api-sports.io/football/players/19115.png,Burnley,Goalkeeper,26,0,0,0,0,1800000.0
19128,2023,J. Harrison,Jack David,Harrison,England,https://media.api-sports.io/football/players/19128.png,Everton,Attacker,26,29,2218,3,3,51300000.0
19130,2023,K. Phillips,Kalvin Mark,Phillips,England,https://media.api-sports.io/football/players/19130.png,Manchester City / West Ham,Midfielder,27,12,396,0,0,10500000.0
19143,2023,S. Johnstone,Samuel Luke,Johnstone,England,https://media.api-sports.io/football/players/19143.png,Crystal Palace,Goalkeeper,30,24,1797,0,0,4000000.0
19145,2023,T. Adarabioyo,Abdul-Nasir Oluwatosin,Oluwadoyinsolami Adarabioyo,England,https://media.api-sports.io/football/players/19145.png,Fulham,Defender,25,20,1616,2,0,12500000.0
19147,2023,C. Dawson,Craig,Dawson,England,https://media.api-sports.io/football/players/19147.png,Wolves,Defender,33,25,2211,1,1,8100000.0
19150,2023,M. Holgate,Mason Anthony,Holgate,England,https://media.api-sports.io/football/players/19150.png,Everton,Defender,26,0,0,0,0,3600000.0
19163,2023,J. Murphy,Jacob Kai,Murphy,England,https://media.api-sports.io/football/players/19163.png,Newcastle,Midfielder,28,21,1193,3,7,16200000.0
19169,2023,J. Rodríguez,Jay Enrique,Rodríguez,England,https://media.api-sports.io/football/players/19169.png,Burnley,Attacker,34,21,811,2,1,4500000.0
19173,2023,M. Šarkić,Matija,Šarkić,Montenegro,https://media.api-sports.io/football/players/19173.png,Wolves,Goalkeeper,26,0,0,0,0,2700000.0
19187,2023,J. Grealish,Jack Peter,Grealish,England,https://media.api-sports.io/football/players/19187.png,Manchester City,Midfielder,27,29,1021,3,1,13200000.0
19192,2023,J. Ramsey,Jacob Matthew,Ramsey,England,https://media.api-sports.io/football/players/19192.png,Newcastle,Midfielder,22,16,856,1,1,13400000.0
19197,2023,S. Carson,Scott Paul,Carson,England,https://media.api-sports.io/football/players/19197.png,Manchester City,Goalkeeper,37,0,0,0,0,300000.0
19220,2023,M. Mount,Mason Tony,Mount,England,https://media.api-sports.io/football/players/19220.png,Manchester United,Midfielder,24,14,541,1,0,11000000.0
19221,2023,H. Wilson,Harry,Wilson,Wales,https://media.api-sports.io/football/players/19221.png,Fulham,Attacker,26,36,1622,4,6,32100000.0
19229,2023,D. Randolph,Darren Edward Andrew,Randolph,Republic of Ireland,https://media.api-sports.io/football/players/19229.png,Bournemouth,Goalkeeper,36,0,0,0,0,1200000.0
19235,2023,D. Spence,Diop Tehuti,Djed-Hotep Spence,England,https://media.api-sports.io/football/players/19235.png,Tottenham,Defender,22,0,0,0,0,5900000.0
19245,2023,M. Tavernier,Marcus Joseph,Tavernier,England,https://media.api-sports.io/football/players/19245.png,Bournemouth,Midfielder,24,30,2129,3,4,16600000.0
19263,2023,L. Kelly,Lloyd Casius,Kelly,England,https://media.api-sports.io/football/players/19263.png,Bournemouth,Defender,24,23,1558,0,1,17200000.0
19265,2023,A. Webster,Adam Harry,Webster,England,https://media.api-sports.io/football/players/19265.png,Brighton,Defender,28,27,1143,0,0,12600000.0
19268,2023,J. Brownhill,Joshua,Brownhill,England,https://media.api-sports.io/football/players/19268.png,Burnley,Midfielder,27,33,2248,4,2,9700000.0
19281,2023,A. Semenyo,Antoine Serlom,Semenyo,Ghana,https://media.api-sports.io/football/players/19281.png,Bournemouth,Attacker,23,36,2120,8,2,36500000.0
19312,2023,S. Benda,Steven-Andreas,Benda,Germany,https://media.api-sports.io/football/players/19312.png,Fulham,Goalkeeper,24,0,0,0,0,3900000.0
19321,2023,J. Rodon,Joseph Peter,Rodon,Wales,https://media.api-sports.io/football/players/19321.png,Tottenham,Defender,25,0,0,0,0,5900000.0
19331,2023,C. Roberts,Connor Richard John,Roberts,Wales,https://media.api-sports.io/football/players/19331.png,Burnley,Defender,27,14,819,0,1,8300000.0
19341,2023,D. Bentley,Daniel Ian,Bentley,England,https://media.api-sports.io/football/players/19341.png,Wolves,Goalkeeper,30,38,382,0,0,3600000.0
19356,2023,E. Marcondes,Emiliano,Marcondes Camargo Hansen,Denmark,https://media.api-sports.io/football/players/19356.png,Bournemouth,Midfielder,28,0,0,0,0,6200000.0
19361,2023,S. Benrahma,Mohamed Saïd,Benrahma,Algeria,https://media.api-sports.io/football/players/19361.png,West Ham,Attacker,27,13,616,0,1,15000000.0
19364,2023,N. Maupay,Neal,Maupay,France,https://media.api-sports.io/football/players/19364.png,Everton,Attacker,26,2,112,0,3,19500000.0
19428,2023,J. Bowen,Jarrod,Bowen,England,https://media.api-sports.io/football/players/19428.png,West Ham,Attacker,26,34,3020,16,6,103600000.0
19465,2023,David Raya,David,Raya Martin,Spain,https://media.api-sports.io/football/players/19465.png,Arsenal,Goalkeeper,27,32,2880,0,0,8400000.0
19480,2023,H. Reed,Harrison James,Reed,England,https://media.api-sports.io/football/players/19480.png,Fulham,Midfielder,28,27,1323,0,2,27400000.0
19482,2023,J. Rothwell,Joseph Matthew,Rothwell,England,https://media.api-sports.io/football/players/19482.png,Bournemouth,Midfielder,28,11,380,0,0,11900000.0
19545,2023,R. James,Reece Lewis,James,England,https://media.api-sports.io/football/players/19545.png,Chelsea,Defender,23,10,420,0,2,8500000.0
19549,2023,A. Robinson,Antonee,Robinson,USA,https://media.api-sports.io/football/players/19549.png,Fulham,Defender,25,37,3270,0,6,24500000.0
19565,2023,J. Weir,Jensen Guy,Weir,England,https://media.api-sports.io/football/players/19565.png,Brighton,Midfielder,21,0,0,0,0,8600000.0
19586,2023,E. Eze,Eberechi Oluchi,Eze,England,https://media.api-sports.io/football/players/19586.png,Crystal Palace,Midfielder,25,27,2063,11,4,17200000.0
19617,2023,M. Olise,Michael Akpovie,Olise,France,https://media.api-sports.io/football/players/19617.png,Crystal Palace,Midfielder,21,19,1277,10,6,31300000.0
19657,2023,M. Rodák,Marek,Rodák,Slovakia,https://media.api-sports.io/football/players/19657.png,Fulham,Goalkeeper,26,0,0,0,0,2900000.0
19684,2023,R. Matthews,Remi Luke,Matthews,England,https://media.api-sports.io/football/players/19684.png,Crystal Palace,Goalkeeper,29,1,3,0,0,4500000.0
19720,2023,T. Chalobah,Trevoh Thomas,Chalobah,England,https://media.api-sports.io/football/players/19720.png,Chelsea,Defender,24,13,950,1,0,12800000.0
19733,2023,F. Downes,Flynn,Downes,England,https://media.api-sports.io/football/players/19733.png,West Ham,Midfielder,24,0,0,0,0,10500000.0
19772,2023,A. Connolly,Aaron Anthony,Connolly,Republic of Ireland,https://media.api-sports.io/football/players/19772.png,Brighton,Attacker,23,0,0,0,0,6400000.0
19804,2023,K. Moore,Kieffer Roberto Francisco,Moore,Wales,https://media.api-sports.io/football/players/19804.png,Bournemouth,Attacker,30,8,100,1,0,11600000.0
19827,2023,J. Cullen,Joshua Jon,Cullen,Republic of Ireland,https://media.api-sports.io/football/players/19827.png,Burnley,Midfielder,27,33,2068,2,3,23800000.0
19866,2023,J. Lowe,Jamal Akua,Lowe,Jamaica,https://media.api-sports.io/football/players/19866.png,Bournemouth,Attacker,29,0,0,0,0,3500000.0
19959,2023,B. White,Benjamin William,White,England,https://media.api-sports.io/football/players/19959.png,Arsenal,Defender,25,37,2995,4,4,18000000.0
19964,2023,S. Dembélé,Ben Siriki,Dembélé,Scotland,https://media.api-sports.io/football/players/19964.png,Bournemouth,Midfielder,26,0,0,0,0,4900000.0
20069,2023,B. Crellin,William Francis,Crellin,England,https://media.api-sports.io/football/players/20069.png,Everton,Goalkeeper,23,0,0,0,0,2000000.0
20093,2023,J. Hill,James Clayton,Hill,England,https://media.api-sports.io/football/players/20093.png,Bournemouth,Defender,21,1,15,0,0,7400000.0
20224,2023,A. Lonergan,Andrew Michael,Lonergan,England,https://media.api-sports.io/football/players/20224.png,Everton,Goalkeeper,39,0,0,0,0,400000.0
20319,2023,N. Bishop,Nathan James,Bishop,England,https://media.api-sports.io/football/players/20319.png,Manchester United,Goalkeeper,23,0,0,0,0,1900000.0
20355,2023,A. Ramsdale,Aaron Christopher,Ramsdale,England,https://media.api-sports.io/football/players/20355.png,Arsenal,Goalkeeper,25,6,540,0,0,3400000.0
20665,2023,J. Bellegarde,Jean-Ricner,Bellegarde,France,https://media.api-sports.io/football/players/20665.png,Wolves,Midfielder,25,22,964,2,1,17700000.0
21138,2023,R. Aït-Nouri,Rayan,Aït-Nouri,Algeria,https://media.api-sports.io/football/players/21138.png,Wolves,Defender,22,33,2345,2,1,9000000.0
21694,2023,N. Aguerd,Nayef,Aguerd,Morocco,https://media.api-sports.io/football/players/21694.png,West Ham,Defender,27,21,1859,1,0,7600000.0
22090,2023,W. Saliba,William Alain André Gabriel,Saliba,France,https://media.api-sports.io/football/players/22090.png,Arsenal,Defender,22,38,3420,2,1,25600000.0
22094,2023,W. Fofana,Wesley Tidjan,Fofana,France,https://media.api-sports.io/football/players/22094.png,Chelsea,Defender,22,0,0,0,0,8200000.0
22166,2023,M. Sarr,Malang Mamadou William Georges,Sarr,France,https://media.api-sports.io/football/players/22166.png,Chelsea,Defender,24,0,0,0,0,6300000.0
22173,2023,A. Saint-Maximin,Allan Irénée,Saint-Maximin,France,https://media.api-sports.io/football/players/22173.png,Newcastle,Attacker,26,0,0,0,0,2800000.0
22224,2023,Gabriel Magalhães,Gabriel,dos Santos Magalhães,Brazil,https://media.api-sports.io/football/players/22224.png,Arsenal,Defender,25,36,3044,4,0,22700000.0
24888,2023,Hwang Hee-Chan,Hee-Chan,Hwang,Korea Republic,https://media.api-sports.io/football/players/24888.png,Wolves,Attacker,27,29,2125,12,3,37900000.0
25004,2023,S. Ortega,Stefan,Ortega Moreno,Germany,https://media.api-sports.io/football/players/25004.png,Manchester City,Goalkeeper,30,38,632,0,0,3800000.0
25416,2023,W. Weghorst,Wout,Weghorst,Netherlands,https://media.api-sports.io/football/players/25416.png,Burnley,Attacker,30,0,0,0,0,10200000.0
25628,2023,J. Beyer,Louis Jordan,Beyer,Germany,https://media.api-sports.io/football/players/25628.png,Burnley,Defender,23,15,1239,0,1,5100000.0
25927,2023,J. Mateta,Jean-Philippe,Mateta,France,https://media.api-sports.io/football/players/25927.png,Crystal Palace,Attacker,26,35,2284,16,5,40600000.0
26475,2023,D. Undav,Deniz,Undav,Germany,https://media.api-sports.io/football/players/26475.png,Brighton,Attacker,27,0,0,0,0,8400000.0
27778,2023,B. Bolla,Bendegúz Bence,Bolla,Hungary,https://media.api-sports.io/football/players/27778.png,Wolves,Defender,23,0,0,0,0,3200000.0
30435,2023,D. Kulusevski,Dejan,Kulusevski,Sweden,https://media.api-sports.io/football/players/30435.png,Tottenham,Midfielder,23,36,2767,8,3,52100000.0
30544,2023,G. Scamacca,Gianluca,Scamacca,Italy,https://media.api-sports.io/football/players/30544.png,West Ham,Attacker,24,0,0,0,0,7600000.0
30765,2023,I. Radu,Ionuț Andrei,Radu,Romania,https://media.api-sports.io/football/players/30765.png,Bournemouth,Goalkeeper,26,13,180,0,0,3300000.0
30776,2023,C. Romero,Cristian Gabriel,Romero,Argentina,https://media.api-sports.io/football/players/30776.png,Tottenham,Defender,25,33,2793,5,0,12600000.0
31057,2023,H. Traorè,Hamed Junior,Traorè,Côte d'Ivoire,https://media.api-sports.io/football/players/31057.png,Bournemouth,Midfielder,23,10,51,0,0,11300000.0
31146,2023,S. Tonali,Sandro,Tonali,Italy,https://media.api-sports.io/football/players/31146.png,Newcastle,Midfielder,23,9,439,1,0,9600000.0
31354,2023,G. Vicario,Guglielmo,Vicario,Italy,https://media.api-sports.io/football/players/31354.png,Tottenham,Goalkeeper,26,38,3420,0,0,10100000.0
37127,2023,M. Ødegaard,Martin,Ødegaard,Norway,https://media.api-sports.io/football/players/37127.png,Arsenal,Midfielder,24,35,3104,8,10,65300000.0
37145,2023,T. Malacia,Tyrell Johannes Chicco,Malacia,Netherlands,https://media.api-sports.io/football/players/37145.png,Manchester United,Defender,23,0,0,0,0,5900000.0
37161,2023,L. Sinisterra,Luis Fernando,Sinisterra Lucumí,Colombia,https://media.api-sports.io/football/players/37161.png,Bournemouth,Attacker,24,20,692,2,2,13700000.0
37381,2023,M. Trésor,Mike,Trésor Ndayishimiye,Belgium,https://media.api-sports.io/football/players/37381.png,Burnley,Attacker,24,16,412,0,0,15400000.0
38695,2023,J. van Hecke,Jan Paul,van Hecke,Netherlands,https://media.api-sports.io/football/players/38695.png,Brighton,Defender,23,28,2367,0,0,11900000.0
38734,2023,S. Botman,Sven Adriaan,Botman,Netherlands,https://media.api-sports.io/football/players/38734.png,Newcastle,Defender,23,17,1385,2,2,13200000.0
38746,2023,J. Timber,Jurriën David Norman,Timber,Netherlands,https://media.api-sports.io/football/players/38746.png,Arsenal,Defender,22,2,71,0,0,5900000.0
40911,2023,J. Moder,Jakub Piotr,Moder,Poland,https://media.api-sports.io/football/players/40911.png,Brighton,Midfielder,24,17,612,0,0,8400000.0
41104,2023,João Palhinha,João Maria,Lobo Alves Palhinha Gonçalves,Portugal,https://media.api-sports.io/football/players/41104.png,Fulham,Midfielder,28,33,2707,4,1,21400000.0
41577,2023,Nuno Tavares,Nuno Albertino,Varela Tavares,Portugal,https://media.api-sports.io/football/players/41577.png,Arsenal,Defender,23,0,0,0,0,7900000.0
41606,2023,Toti Gomes,Tote António,Gomes,Portugal,https://media.api-sports.io/football/players/41606.png,Wolves,Defender,24,35,2778,1,3,23800000.0
41621,2023,Matheus Nunes,Matheus Luiz,Nunes,Portugal,https://media.api-sports.io/football/players/41621.png,Wolves / Manchester City,Midfielder,24,19,841,0,2,10900000.0
41725,2023,Fábio Vieira,Fábio Daniel,Ferreira Vieira,Portugal,https://media.api-sports.io/football/players/41725.png,Arsenal,Midfielder,23,11,292,1,2,6400000.0
44912,2023,M. Gillespie,Mark Joseph,Gillespie,England,https://media.api-sports.io/football/players/44912.png,Newcastle,Goalkeeper,31,0,0,0,0,2600000.0
45815,2023,S. Tedić,Slobodan,Tedić,Serbia,https://media.api-sports.io/football/players/45815.png,Manchester City,Attacker,23,0,0,0,0,7000000.0
46731,2023,P. Estupiñán,Pervis Josué,Estupiñán Tenorio,Ecuador,https://media.api-sports.io/football/players/46731.png,Brighton,Defender,25,19,1246,2,3,22000000.0
47380,2023,Marc Cucurella,Marc,Cucurella Saseta,Spain,https://media.api-sports.io/football/players/47380.png,Chelsea,Defender,25,21,1785,0,2,21100000.0
47499,2023,E. Ünal,Enes,Ünal,Türkiye,https://media.api-sports.io/football/players/47499.png,Bournemouth,Attacker,26,16,363,2,2,12400000.0
47519,2023,Pedro Porro,Pedro Antonio,Porro Sauceda,Spain,https://media.api-sports.io/football/players/47519.png,Tottenham,Defender,23,35,3092,3,7,23600000.0
47903,2023,H. Ekdal,Hjalmar,Ekdal,Sweden,https://media.api-sports.io/football/players/47903.png,Burnley,Defender,24,8,439,0,0,12900000.0
48649,2023,A. Zeqiri,Andi Avdi,Zeqiri,Switzerland,https://media.api-sports.io/football/players/48649.png,Brighton,Attacker,24,0,0,0,0,7900000.0
50132,2023,A. Bayındır,Altay,Bayındır,Türkiye,https://media.api-sports.io/football/players/50132.png,Manchester United,Goalkeeper,25,0,0,0,0,2400000.0
50737,2023,A. Trusty,Auston Levi-Jesaiah,Trusty,USA,https://media.api-sports.io/football/players/50737.png,Arsenal,Defender,24,0,0,0,0,7000000.0
50828,2023,Z. Steffen,Zackary Thomas,Steffen,USA,https://media.api-sports.io/football/players/50828.png,Manchester City,Goalkeeper,28,0,0,0,0,2000000.0
50999,2023,M. Turner,Matthew Charles,Turner,USA,https://media.api-sports.io/football/players/50999.png,Arsenal,Goalkeeper,29,0,0,0,0,2800000.0
51617,2023,D. Núñez,Darwin Gabriel,Núñez Ribeiro,Uruguay,https://media.api-sports.io/football/players/51617.png,Liverpool,Attacker,24,36,2053,11,8,59900000.0
61431,2023,J. Kiwior,Jakub Piotr,Kiwior,Poland,https://media.api-sports.io/football/players/61431.png,Arsenal,Defender,23,20,971,1,3,6100000.0
63577,2023,M. Mudryk,Mykhailo,Mudryk,Ukraine,https://media.api-sports.io/football/players/63577.png,Chelsea,Midfielder,22,35,1586,5,2,14200000.0
64167,2023,G. Słonina,Gabriel Paweł,Słonina,USA,https://media.api-sports.io/football/players/64167.png,Chelsea,Goalkeeper,19,0,0,0,0,800000.0
64304,2023,K. Kozłowski,Kacper Szymon,Kozłowski,Poland,https://media.api-sports.io/football/players/64304.png,Brighton,Midfielder,19,0,0,0,0,4500000.0
67971,2023,M. Guéhi,Addji Keaninkin Marc-Israel,Guéhi,England,https://media.api-sports.io/football/players/67971.png,Crystal Palace,Defender,23,25,2022,0,1,21100000.0
68127,2023,K. Watts,Kelland John William James,Watts,England,https://media.api-sports.io/football/players/68127.png,Newcastle,Defender,23,0,0,0,0,5000000.0
69257,2023,J. Furlong,Walter James,Byrne Furlong,Republic of Ireland,https://media.api-sports.io/football/players/69257.png,Brighton,Defender,21,0,0,0,0,4000000.0
69403,2023,S. Twine,Scott Edward,Twine,England,https://media.api-sports.io/football/players/69403.png,Burnley,Midfielder,24,0,0,0,0,4600000.0
69539,2023,L. McNally,Luke,McNally,Republic of Ireland,https://media.api-sports.io/football/players/69539.png,Burnley,Defender,23,0,0,0,0,1900000.0
69680,2023,D. Costelloe,Dara James Morgan,Costelloe,Republic of Ireland,https://media.api-sports.io/football/players/69680.png,Burnley,Attacker,20,0,0,0,0,5800000.0
70078,2023,F. Pellistri,Facundo,Pellistri Rebollo,Uruguay,https://media.api-sports.io/football/players/70078.png,Manchester United,Midfielder,21,9,165,0,1,9000000.0
70747,2023,J. Enciso,Julio César,Enciso Espínola,Paraguay,https://media.api-sports.io/football/players/70747.png,Brighton,Midfielder,19,12,475,0,2,8000000.0
82855,2023,T. King,Thomas Lloyd,King,Wales,https://media.api-sports.io/football/players/82855.png,Wolves,Goalkeeper,28,0,0,0,0,4200000.0
84082,2023,R. Faivre,Romain,Faivre,France,https://media.api-sports.io/football/players/84082.png,Bournemouth,Midfielder,25,5,36,0,0,9500000.0
94360,2023,A. Paulsen,Alexander Noah,Paulsen,New Zealand,https://media.api-sports.io/football/players/94360.png,Bournemouth,Goalkeeper,21,0,0,0,0,2500000.0
98936,2023,L. Foster,Lyle Brent,Foster,South Africa,https://media.api-sports.io/football/players/98936.png,Burnley,Attacker,22,24,1920,5,3,19400000.0
105789,2023,D. Churlinov,Darko,Churlinov,North Macedonia,https://media.api-sports.io/football/players/105789.png,Burnley,Attacker,23,0,0,0,0,10200000.0
106086,2023,K. Balmer,Kofi,Balmer,Northern Ireland,https://media.api-sports.io/football/players/106086.png,Crystal Palace,Defender,22,0,0,0,0,3500000.0
106835,2023,K. Mitoma,Kaoru,Mitoma,Japan,https://media.api-sports.io/football/players/106835.png,Brighton,Midfielder,26,19,1485,3,4,16400000.0
107087,2023,S. Banks,Scott Brian,Banks,Scotland,https://media.api-sports.io/football/players/107087.png,Crystal Palace,Attacker,21,0,0,0,0,10900000.0
116117,2023,M. Caicedo,Moisés Isaac,Caicedo Corozo,Ecuador,https://media.api-sports.io/football/players/116117.png,Chelsea,Midfielder,21,35,2874,1,3,28500000.0
118307,2023,Đ. Petrović,Đorđe,Petrović,Serbia,https://media.api-sports.io/football/players/118307.png,Chelsea,Goalkeeper,23,23,1986,0,0,5300000.0
123469,2023,Z. Amdouni,Mohamed Zeki,Amdouni,Switzerland,https://media.api-sports.io/football/players/123469.png,Burnley,Attacker,22,34,1999,5,1,34900000.0
125618,2023,M. Karbownik,Michał,Karbownik,Poland,https://media.api-sports.io/football/players/125618.png,Brighton,Defender,22,0,0,0,0,3700000.0
125743,2023,Beto,Norberto Bercique,Gomes Betuncal,Portugal,https://media.api-sports.io/football/players/125743.png,Everton,Attacker,25,30,973,3,0,16300000.0
126949,2023,C. Richards,Christopher Jeffrey,Richards,USA,https://media.api-sports.io/football/players/126949.png,Crystal Palace,Defender,23,35,2097,1,1,10700000.0
127472,2023,N. Phillips,Nathaniel Harry,Phillips,England,https://media.api-sports.io/football/players/127472.png,Liverpool,Defender,26,0,0,0,0,2600000.0
127605,2023,N. Ferguson,Nathan Kirk-Patrick,Ferguson,England,https://media.api-sports.io/football/players/127605.png,Crystal Palace,Defender,22,0,0,0,0,3000000.0
127769,2023,Gabriel Martinelli,Gabriel Teodoro,Martinelli Silva,Brazil,https://media.api-sports.io/football/players/127769.png,Arsenal,Attacker,22,35,2029,6,4,20400000.0
129033,2023,J. Gvardiol,Joško,Gvardiol,Croatia,https://media.api-sports.io/football/players/129033.png,Manchester City,Defender,21,35,2328,4,1,13300000.0
129058,2023,B. Verbruggen,Bart,Verbruggen,Netherlands,https://media.api-sports.io/football/players/129058.png,Brighton,Goalkeeper,20,38,1890,0,0,4100000.0
129169,2023,A. Zaroury,Anass,Zaroury,Morocco,https://media.api-sports.io/football/players/129169.png,Burnley,Attacker,22,6,149,0,0,10900000.0
129643,2023,E. Ferguson,Evan Joe,Ferguson,Republic of Ireland,https://media.api-sports.io/football/players/129643.png,Brighton,Attacker,18,28,1388,6,0,12800000.0
129707,2023,T. Francois,Tyrese Jay,Francois,Australia,https://media.api-sports.io/football/players/129707.png,Fulham,Midfielder,23,0,0,0,0,8900000.0
129711,2023,B. Johnson,Brennan Price,Johnson,Wales,https://media.api-sports.io/football/players/129711.png,Tottenham,Attacker,22,32,2091,5,0,33800000.0
129791,2023,Fábio Silva,Fábio Daniel,Soares Silva,Portugal,https://media.api-sports.io/football/players/129791.png,Wolves,Attacker,21,8,283,0,0,27100000.0
130416,2023,G. Kilkenny,Gavin,Kilkenny,Republic of Ireland,https://media.api-sports.io/football/players/130416.png,Bournemouth,Midfielder,23,0,0,0,0,7000000.0
130419,2023,M. Longstaff,Matthew Ben,Longstaff,England,https://media.api-sports.io/football/players/130419.png,Newcastle,Midfielder,23,0,0,0,0,13500000.0
130423,2023,B. Gilmour,Billy Clifford,Gilmour,Scotland,https://media.api-sports.io/football/players/130423.png,Brighton,Midfielder,22,31,2125,0,1,18800000.0
135334,2023,S. Bueno,Santiago Ignacio,Bueno Sciutto,Uruguay,https://media.api-sports.io/football/players/135334.png,Wolves,Defender,24,30,820,0,0,6800000.0
135525,2023,C. Ramsay,Calvin William,Ramsay,Scotland,https://media.api-sports.io/football/players/135525.png,Liverpool,Defender,20,0,0,0,0,3300000.0
135775,2023,Ansu Fati,Anssumane,Fati Vieira,Spain,https://media.api-sports.io/football/players/135775.png,Brighton,Attacker,20,24,522,2,0,10800000.0
136723,2023,N. Madueke,Chukwunonso Tristan,Madueke,England,https://media.api-sports.io/football/players/136723.png,Chelsea,Attacker,21,23,1055,5,2,12200000.0
137220,2023,A. Moran,Andrew,Moran,Republic of Ireland,https://media.api-sports.io/football/players/137220.png,Brighton,Midfielder,19,0,0,0,0,4000000.0
138417,2023,N. Patterson,Nathan Kenneth,Patterson,Scotland,https://media.api-sports.io/football/players/138417.png,Everton,Defender,21,20,996,0,2,15600000.0
138777,2023,F. Anjorin,Faustino Adebola Rasheed,Anjorin,England,https://media.api-sports.io/football/players/138777.png,Chelsea,Midfielder,21,0,0,0,0,6200000.0
138787,2023,A. Gordon,Anthony Michael,Gordon,England,https://media.api-sports.io/football/players/138787.png,Newcastle,Attacker,22,35,2900,11,10,26800000.0
138793,2023,H. White,Harvey David,White,England,https://media.api-sports.io/football/players/138793.png,Tottenham,Midfielder,21,0,0,0,0,5300000.0
138804,2023,M. Kovář,Matěj,Kovář,Czech Republic,https://media.api-sports.io/football/players/138804.png,Manchester United,Goalkeeper,23,0,0,0,0,3300000.0
138806,2023,B. Williams,Brandon Paul Brian,Williams,England,https://media.api-sports.io/football/players/138806.png,Manchester United,Defender,22,0,0,0,0,5300000.0
138815,2023,T. Lamptey,Tariq Kwame,Nii-Lante Lamptey,Ghana,https://media.api-sports.io/football/players/138815.png,Brighton,Defender,22,19,913,0,3,8700000.0
138816,2023,I. Maatsen,Ian Ethan,Maatsen,Netherlands,https://media.api-sports.io/football/players/138816.png,Chelsea,Defender,21,12,199,0,0,3900000.0
138821,2023,M. Lewis,Marcel David,Lewis,England,https://media.api-sports.io/football/players/138821.png,Burnley,Midfielder,21,0,0,0,0,5400000.0
138822,2023,A. Broja,Armando,Broja,Albania,https://media.api-sports.io/football/players/138822.png,Fulham / Chelsea,Attacker,21,21,534,1,0,14100000.0
138835,2023,F. Balogun,Folarin Jerry,Balogun,USA,https://media.api-sports.io/football/players/138835.png,Arsenal,Attacker,22,0,0,0,0,8500000.0
138842,2023,M. Azeez,Miguel,Azeez,England,https://media.api-sports.io/football/players/138842.png,Arsenal,Midfielder,20,0,0,0,0,5500000.0
138843,2023,J. Hillson,James Andrew,Hillson,England,https://media.api-sports.io/football/players/138843.png,Arsenal,Goalkeeper,22,0,0,0,0,1900000.0
138906,2023,J. White,Joe Peter,White,England,https://media.api-sports.io/football/players/138906.png,Newcastle,Midfielder,20,4,9,0,0,7100000.0
138908,2023,E. Anderson,Elliot,Anderson,Scotland,https://media.api-sports.io/football/players/138908.png,Newcastle,Midfielder,20,21,1022,0,2,9000000.0
138935,2023,C. Chukwuemeka,Carney Chibueze,Chukwuemeka,England,https://media.api-sports.io/football/players/138935.png,Chelsea,Midfielder,19,9,222,1,1,8900000.0
140947,2023,I. Kaboré,Issa,Kaboré,Burkina Faso,https://media.api-sports.io/football/players/140947.png,Manchester City,Defender,22,0,0,0,0,3300000.0
144709,2023,J. Anang,Joseph,Tetteh Anang,England,https://media.api-sports.io/football/players/144709.png,West Ham,Goalkeeper,23,0,0,0,0,4400000.0
144723,2023,K. Hegyi,Krisztián,Hegyi,Hungary,https://media.api-sports.io/football/players/144723.png,West Ham,Goalkeeper,20,0,0,0,0,1700000.0
144725,2023,K. Simon-Swyer,Kamarai,Simon-Swyer,England,https://media.api-sports.io/football/players/144725.png,West Ham,Attacker,20,0,0,0,0,4600000.0
144729,2023,T. Harwood-Bellis,Taylor Jay,Harwood-Bellis,England,https://media.api-sports.io/football/players/144729.png,Manchester City,Defender,21,0,0,0,0,5400000.0
144732,2023,T. Doyle,Thomas Glyn,Doyle,England,https://media.api-sports.io/football/players/144732.png,Wolves,Midfielder,21,32,1246,0,0,8400000.0
144733,2023,B. Knight,Benjamin Leo,Knight,England,https://media.api-sports.io/football/players/144733.png,Manchester City,Midfielder,21,0,0,0,0,10900000.0
144741,2023,L. Moulden,Louie,Moulden,England,https://media.api-sports.io/football/players/144741.png,Wolves,Goalkeeper,21,0,0,0,0,2700000.0
145476,2023,R. Khadra,Reda Jousef,Khadra,Germany,https://media.api-sports.io/football/players/145476.png,Brighton,Midfielder,22,0,0,0,0,6100000.0
149550,2023,J. Tanganga,Japhet Manzambi,Tanganga,England,https://media.api-sports.io/football/players/149550.png,Tottenham,Defender,24,0,0,0,0,3800000.0
149564,2023,L. Cundle,Luke James,Cundle,England,https://media.api-sports.io/football/players/149564.png,Wolves,Midfielder,21,0,0,0,0,7000000.0
151756,2023,W. Dennis,William Jonathan,Dennis,England,https://media.api-sports.io/football/players/151756.png,Bournemouth,Goalkeeper,23,0,0,0,0,4100000.0
152418,2023,N. Ahamada,Naouirou Mohamed,Ahamada,France,https://media.api-sports.io/football/players/152418.png,Crystal Palace,Midfielder,21,20,333,0,0,7000000.0
152849,2023,M. van de Ven,Micky,van de Ven,Netherlands,https://media.api-sports.io/football/players/152849.png,Tottenham,Defender,22,28,2342,3,0,13900000.0
152953,2023,L. Colwill,Levi Lemar,Samuels Colwill,England,https://media.api-sports.io/football/players/152953.png,Chelsea,Defender,20,23,1799,1,1,12500000.0
152967,2023,C. Bassey,Calvin,Bassey Ughelumba,Nigeria,https://media.api-sports.io/football/players/152967.png,Fulham,Defender,23,33,2300,1,0,11100000.0
152976,2023,Thomas Daniel Hill,Thomas Daniel,Hill,England,https://media.api-sports.io/football/players/152976.png,Liverpool,Midfielder,20,0,0,0,0,3600000.0
152979,2023,James Barry Norris,James Barry,Norris,England,https://media.api-sports.io/football/players/152979.png,Liverpool,Defender,20,0,0,0,0,3000000.0
152980,2023,Remmi Eugene Savage,Remmi Eugene,Savage,England,https://media.api-sports.io/football/players/152980.png,Newcastle,Defender,21,0,0,0,0,3600000.0
152982,2023,C. Palmer,Cole Jermaine,Palmer,England,https://media.api-sports.io/football/players/152982.png,Manchester City / Chelsea,Midfielder,21,34,2628,22,22,50900000.0
153066,2023,Fábio Carvalho,Fábio Leandro,Freitas Gouveia de Carvalho,Portugal,https://media.api-sports.io/football/players/153066.png,Liverpool,Midfielder,20,0,0,0,0,2700000.0
153420,2023,G. Wickens,George Alexander,Wickens,England,https://media.api-sports.io/football/players/153420.png,Fulham,Goalkeeper,21,0,0,0,0,1700000.0
153425,2023,L. Dobbin,Lewis Norman,Dobbin,England,https://media.api-sports.io/football/players/153425.png,Everton,Attacker,20,12,222,1,0,5800000.0
153429,2023,T. Mengi,Teden Mambuene,Mengi,England,https://media.api-sports.io/football/players/153429.png,Manchester United,Defender,21,0,0,0,0,3400000.0
153430,2023,A. Elanga,Anthony David,Junior Elanga,Sweden,https://media.api-sports.io/football/players/153430.png,Newcastle,Attacker,21,36,2434,5,9,27500000.0
153434,2023,W. Fish,William Thomas,Fish,England,https://media.api-sports.io/football/players/153434.png,Manchester United,Defender,20,0,0,0,0,7700000.0
154807,2023,Daniel Chesters,Daniel,Chesters,England,https://media.api-sports.io/football/players/154807.png,West Ham,Midfielder,21,0,0,0,0,8800000.0
156428,2023,B. Austin,Brandon Anthony,Austin,England,https://media.api-sports.io/football/players/156428.png,Tottenham,Goalkeeper,24,0,0,0,0,2200000.0
157912,2023,B. Traoré,Boubacar,Traoré,Mali,https://media.api-sports.io/football/players/157912.png,Wolves,Midfielder,21,24,805,0,0,10500000.0
157997,2023,A. Diallo,Amad,Diallo Traoré,Côte d'Ivoire,https://media.api-sports.io/football/players/157997.png,Manchester United,Attacker,21,9,387,1,1,10200000.0
158693,2023,O. Beck,Owen Michael,Beck,Wales,https://media.api-sports.io/football/players/158693.png,Liverpool,Defender,20,1,16,0,0,3900000.0
158694,2023,T. Livramento,Valentino Francisco,Livramento,England,https://media.api-sports.io/football/players/158694.png,Newcastle,Defender,20,33,1312,1,0,12400000.0
158697,2023,J. McAtee,James John,McAtee,England,https://media.api-sports.io/football/players/158697.png,Manchester City,Midfielder,20,1,0,0,0,7200000.0
158698,2023,J. Quansah,Jarell,Amorin Quansah,England,https://media.api-sports.io/football/players/158698.png,Liverpool,Defender,20,17,1189,2,0,8300000.0
161671,2023,I. Zabarnyi,Illia,Zabarnyi,Ukraine,https://media.api-sports.io/football/players/161671.png,Bournemouth,Defender,20,37,3330,1,0,23400000.0
161907,2023,M. Gusto,Malo,Gusto,France,https://media.api-sports.io/football/players/161907.png,Chelsea,Defender,20,27,1754,0,6,6700000.0
162489,2023,J. Trafford,James Harrington,Trafford,England,https://media.api-sports.io/football/players/162489.png,Burnley,Goalkeeper,20,28,2520,0,0,5800000.0
162493,2023,M. Craig,Matthew George,Craig,Scotland,https://media.api-sports.io/football/players/162493.png,Tottenham,Midfielder,20,0,0,0,0,11000000.0
162498,2023,R. Drăgușin,Radu,Matei Drăgușin,Romania,https://media.api-sports.io/football/players/162498.png,Tottenham,Defender,21,9,424,0,0,6100000.0
162528,2023,D. Franchi,Denis,Franchi,Italy,https://media.api-sports.io/football/players/162528.png,Burnley,Goalkeeper,20,0,0,0,0,3900000.0
162552,2023,D. Scarlett,Dane Pharrell,Scarlett,England,https://media.api-sports.io/football/players/162552.png,Tottenham,Attacker,19,4,18,0,0,3800000.0
162590,2023,T. Morton,Tyler Scott,Morton,England,https://media.api-sports.io/football/players/162590.png,Liverpool,Midfielder,20,0,0,0,0,6000000.0
162687,2023,V. Jaroš,Vítězslav,Jaroš,Czechia,https://media.api-sports.io/football/players/162687.png,Liverpool,Goalkeeper,22,0,0,0,0,2900000.0
162714,2023,A. Onana,Amadou Ba Zeund Georges,Mvom Onana,Belgium,https://media.api-sports.io/football/players/162714.png,Everton,Midfielder,21,31,2090,2,0,14000000.0
162904,2023,R. Williams,Rhys,Williams,England,https://media.api-sports.io/football/players/162904.png,Liverpool,Defender,22,0,0,0,0,2100000.0
163054,2023,S. Shoretire,Shola Maxwell,Shoretire,England,https://media.api-sports.io/football/players/163054.png,Manchester United,Attacker,19,0,0,0,0,8800000.0
167656,2023,M. Leonard,Marc Henry,Leonard,Scotland,https://media.api-sports.io/football/players/167656.png,Brighton,Midfielder,21,0,0,0,0,4200000.0
167657,2023,T. Onyango,Tyler Jaden,Napier Edward Onyango,England,https://media.api-sports.io/football/players/167657.png,Everton,Midfielder,20,1,0,0,0,5300000.0
167663,2023,T. McGill,Thomas Peter,Wayne McGill,Canada,https://media.api-sports.io/football/players/167663.png,Brighton,Goalkeeper,23,0,0,0,0,6200000.0
169295,2023,K. Hein,Karl Jakob,Hein,Estonia,https://media.api-sports.io/football/players/169295.png,Arsenal,Goalkeeper,21,0,0,0,0,2800000.0
171035,2023,T. Chirewa,Tawanda,Chirewa,England,https://media.api-sports.io/football/players/171035.png,Wolves,Attacker,19,8,139,0,0,7600000.0
171058,2023,H. Ashby,Harrison Charles,Ashby,Scotland,https://media.api-sports.io/football/players/171058.png,Newcastle,Defender,21,0,0,0,0,5700000.0
179400,2023,M. Estève,Maxime,Estève,France,https://media.api-sports.io/football/players/179400.png,Burnley,Defender,21,16,1311,0,0,8200000.0
180317,2023,C. Bradley,Conor,Bradley,Northern Ireland,https://media.api-sports.io/football/players/180317.png,Liverpool,Defender,20,11,761,1,3,8900000.0
180560,2023,H. Mejbri,Hannibal,Mejbri,Tunisia,https://media.api-sports.io/football/players/180560.png,Manchester United,Midfielder,20,5,129,1,0,3600000.0
180731,2023,L. Assignon,Lorenz,Assignon,France,https://media.api-sports.io/football/players/180731.png,Burnley,Defender,23,15,1240,1,2,14800000.0
180866,2023,Marcelo,Marcelo,de Araújo Pitaluga Filho,Brazil,https://media.api-sports.io/football/players/180866.png,Liverpool,Goalkeeper,20,0,0,0,0,2000000.0
180940,2023,T. Sharman-Lowe,Teddy Samuel,Sharman-Lowe,England,https://media.api-sports.io/football/players/180940.png,Chelsea,Goalkeeper,20,0,0,0,0,1700000.0
181796,2023,J. Brooking,Joshua Royston,Brooking,England,https://media.api-sports.io/football/players/181796.png,Chelsea,Defender,20,0,0,0,0,5800000.0
181797,2023,B. Humphreys,Bashir,Humphreys,England,https://media.api-sports.io/football/players/181797.png,Chelsea,Defender,20,0,0,0,0,8000000.0
181822,2023,E. Wady,Ethan James,Wady,USA,https://media.api-sports.io/football/players/181822.png,Chelsea,Goalkeeper,21,0,0,0,0,2200000.0
181827,2023,C. Egan-Riley,Conrad Jaden,Egan-Riley,England,https://media.api-sports.io/football/players/181827.png,Burnley,Defender,20,0,0,0,0,2600000.0
182201,2023,T. Mitchell,Tyrick Kwon,Mitchell,England,https://media.api-sports.io/football/players/182201.png,Crystal Palace,Defender,23,37,3208,2,3,5900000.0
191971,2023,J. Stansfield,Jay,Stansfield,England,https://media.api-sports.io/football/players/191971.png,Fulham,Attacker,20,0,0,0,0,5800000.0
195103,2023,João Gomes,João Victor,Gomes da Silva,Brazil,https://media.api-sports.io/football/players/195103.png,Wolves,Midfielder,22,35,2667,2,1,43600000.0
195106,2023,Rodrigo Muniz,Rodrigo,Muniz Carvalho,Brazil,https://media.api-sports.io/football/players/195106.png,Fulham,Attacker,22,26,1596,9,1,30500000.0
195717,2023,Y. Mosquera,Yerson,Mosquera Valdelamar,Colombia,https://media.api-sports.io/football/players/195717.png,Wolves,Defender,22,0,0,0,0,5400000.0
195962,2023,Chiquinho,Francisco Jorge,Tavares Oliveira,Portugal,https://media.api-sports.io/football/players/195962.png,Wolves,Attacker,23,0,0,0,0,7200000.0
196855,2023,J. Anthony,Jaidon Kya Denley,Anthony,England,https://media.api-sports.io/football/players/196855.png,Bournemouth,Attacker,23,3,153,0,0,5700000.0
196856,2023,Daniel Edward Peter Imray,Daniel Edward Peter,Imray,England,https://media.api-sports.io/football/players/196856.png,Crystal Palace,Defender,20,0,0,0,0,3300000.0
197448,2023,Yan Couto,Yan,Bueno Couto,Brazil,https://media.api-sports.io/football/players/197448.png,Manchester City,Defender,21,0,0,0,0,4600000.0
200233,2023,Leigh Robert Kavanagh,Leigh Robert,Kavanagh,Republic of Ireland,https://media.api-sports.io/football/players/200233.png,Brighton,Defender,19,0,0,0,0,2000000.0
202086,2023,J. Sarmiento,Jeremy Leonel,Sarmiento Morante,Ecuador,https://media.api-sports.io/football/players/202086.png,Brighton,Midfielder,21,0,0,0,0,6100000.0
204033,2023,J. Hodge,Joseph Shaun,Hodge,Republic of Ireland,https://media.api-sports.io/football/players/204033.png,Wolves,Midfielder,20,0,0,0,0,3600000.0
204039,2023,D. Udogie,Iyenoma Destiny,Udogie,Italy,https://media.api-sports.io/football/players/204039.png,Tottenham,Defender,20,28,2398,2,3,16200000.0
206254,2023,M. Kerkez,Miloš,Kerkez,Hungary,https://media.api-sports.io/football/players/206254.png,Bournemouth,Defender,19,31,1983,0,1,7600000.0
206404,2023,Samy Olivier Chouchane,Samy Olivier,Chouchane,Tunisia,https://media.api-sports.io/football/players/206404.png,Brighton,Midfielder,19,0,0,0,0,4200000.0
215874,2023,T. Cannon,Thomas Christopher,Cannon,Republic of Ireland,https://media.api-sports.io/football/players/215874.png,Everton,Attacker,20,1,0,0,0,8600000.0
216809,2023,C. Peupion,Cameron Paul Jacques,Peupion,Australia,https://media.api-sports.io/football/players/216809.png,Brighton,Attacker,20,0,0,0,0,4700000.0
231062,2023,A. Okonkwo,Arthur Chukwuezugo,Okonkwo,England,https://media.api-sports.io/football/players/231062.png,Arsenal,Goalkeeper,21,0,0,0,0,2100000.0
237129,2023,P. Sarr,Pape Matar,Sarr,Senegal,https://media.api-sports.io/football/players/237129.png,Tottenham,Midfielder,20,34,2085,3,3,23800000.0
264437,2023,B. Thomas,Bobby Craig,Thomas,England,https://media.api-sports.io/football/players/264437.png,Burnley,Defender,22,0,0,0,0,5100000.0
265820,2023,Y. Ayari,Yasin,Abbas Ayari,Sweden,https://media.api-sports.io/football/players/265820.png,Brighton,Midfielder,19,0,0,0,0,6800000.0
266203,2023,J. Gordon,John-Kymani Linton,Michael Gordon,England,https://media.api-sports.io/football/players/266203.png,Crystal Palace,Attacker,20,0,0,0,0,3900000.0
270139,2023,J. O&apos;Brien,Jake,O'Brien,Republic of Ireland,https://media.api-sports.io/football/players/270139.png,Crystal Palace,Defender,22,0,0,0,0,8200000.0
270357,2023,K. Phillips,Killian,Phillips,Republic of Ireland,https://media.api-sports.io/football/players/270357.png,Crystal Palace,Midfielder,21,0,0,0,0,6100000.0
270508,2023,L. Ugochukwu,Lesley Chimuanya,Ugochukwu,France,https://media.api-sports.io/football/players/270508.png,Chelsea,Midfielder,19,12,294,0,0,8300000.0
273757,2023,A. Devine,Alfie Sean,Devine,England,https://media.api-sports.io/football/players/273757.png,Tottenham,Midfielder,19,0,0,0,0,5600000.0
273758,2023,I. Samuels,Imari-Narain,Che Hines-Samuels,England,https://media.api-sports.io/football/players/273758.png,Brighton,Defender,20,0,0,0,0,1700000.0
274550,2023,H. Vale,Harvey James,Vale,England,https://media.api-sports.io/football/players/274550.png,Chelsea,Midfielder,19,0,0,0,0,3700000.0
278075,2023,C. Cîrjan,Cătălin Ionuț,Cîrjan,Romania,https://media.api-sports.io/football/players/278075.png,Arsenal,Midfielder,20,0,0,0,0,3100000.0
278079,2023,A. Ramsey,Aaron James,Ramsey,England,https://media.api-sports.io/football/players/278079.png,Burnley,Midfielder,20,17,524,0,0,7900000.0
278086,2023,I. Odutayo,Idris Adewale,Olarewaju Odutayo,England,https://media.api-sports.io/football/players/278086.png,Fulham,Defender,20,0,0,0,0,3100000.0
278088,2023,C. Rushworth,Carl Andrew,Rushworth,England,https://media.api-sports.io/football/players/278088.png,Brighton,Goalkeeper,22,0,0,0,0,4500000.0
278128,2023,J. Wilson-Esbrand,Joshua Darius,Kamani Wilson-Esbrand,England,https://media.api-sports.io/football/players/278128.png,Manchester City,Defender,20,0,0,0,0,3100000.0
278133,2023,Oscar Bobb,Oscar,Bobb,Norway,https://media.api-sports.io/football/players/278133.png,Manchester City,Midfielder,20,14,291,1,1,12100000.0
280672,2023,E. Turns,Edward James,Turns,Wales,https://media.api-sports.io/football/players/280672.png,Brighton,Defender,20,0,0,0,0,1700000.0
280683,2023,James Balagizi,James,Balagizi,England,https://media.api-sports.io/football/players/280683.png,Liverpool,Midfielder,19,0,0,0,0,3600000.0
280687,2023,Hugo Bueno,Hugo,Bueno López,Spain,https://media.api-sports.io/football/players/280687.png,Wolves,Defender,20,22,730,0,0,5100000.0
280688,2023,T. Corbeanu,Theodor Alexander,Corbeanu,Canada,https://media.api-sports.io/football/players/280688.png,Wolves,Attacker,21,0,0,0,0,5300000.0
282125,2023,R. Lavia,Roméo,Lavia,Belgium,https://media.api-sports.io/football/players/282125.png,Chelsea,Midfielder,19,1,32,0,0,7100000.0
282130,2023,Logan Pye,Logan,Pye,England,https://media.api-sports.io/football/players/282130.png,Manchester United,Defender,19,0,0,0,0,2600000.0
282133,2023,J. Hugill,Joseph,Brennen Hugill,England,https://media.api-sports.io/football/players/282133.png,Manchester United,Attacker,19,0,0,0,0,6000000.0
282136,2023,Noam Fritz Emeran,Noam,Fritz Emeran,France,https://media.api-sports.io/football/players/282136.png,Manchester United,Attacker,20,0,0,0,0,3100000.0
282254,2023,O. Offiah,Odeluga Joshua,Offiah,England,https://media.api-sports.io/football/players/282254.png,Brighton,Defender,20,0,0,0,0,2200000.0
283058,2023,N. Jackson,Nicolas,Jackson,Senegal,https://media.api-sports.io/football/players/283058.png,Chelsea,Attacker,22,35,2804,14,5,36500000.0
284059,2023,L. Plange,Luke Elliot,Plange,England,https://media.api-sports.io/football/players/284059.png,Crystal Palace,Attacker,20,0,0,0,0,5300000.0
284060,2023,L. Laing,Levi Alexander,Laing,England,https://media.api-sports.io/football/players/284060.png,West Ham,Defender,20,0,0,0,0,4200000.0
284062,2023,K. Edwards,Khayon,Edwards,England,https://media.api-sports.io/football/players/284062.png,Arsenal,Attacker,19,0,0,0,0,7100000.0
284186,2023,S. McAllister,Sean Paul,McAllister,Northern Ireland,https://media.api-sports.io/football/players/284186.png,Everton,Midfielder,20,0,0,0,0,8500000.0
284187,2023,S. Mills,Stanley,Mills,England,https://media.api-sports.io/football/players/284187.png,Everton,Midfielder,19,0,0,0,0,3500000.0
284212,2023,D. Sassi,Daniel,Sassi,England,https://media.api-sports.io/football/players/284212.png,Burnley,Defender,19,0,0,0,0,10700000.0
284230,2023,R. Lewis,Rico Henry Mark,Lewis,England,https://media.api-sports.io/football/players/284230.png,Manchester City,Defender,18,38,806,2,0,8500000.0
284231,2023,Micah Hamilton,Micah,Hamilton,England,https://media.api-sports.io/football/players/284231.png,Manchester City,Attacker,19,0,0,0,0,4300000.0
284236,2023,Temple Ojinnaka,Temple,Ojinnaka,England,https://media.api-sports.io/football/players/284236.png,Wolves,Midfielder,18,0,0,0,0,3400000.0
284239,2023,Owen James Michael Hesketh,Owen James Michael,Hesketh,England,https://media.api-sports.io/football/players/284239.png,Wolves,Midfielder,20,0,0,0,0,4300000.0
284241,2023,José Mateo Mejía Piedrahita,José Mateo,Mejía Piedrahita,Spain,https://media.api-sports.io/football/players/284241.png,Manchester United,Attacker,20,0,0,0,0,2500000.0
284242,2023,O. Forson,Omari Nathan,Forson,England,https://media.api-sports.io/football/players/284242.png,Manchester United,Attacker,19,13,87,0,1,5800000.0
284248,2023,M. Frauendorf,Melkamu Benjamin Daniel,Frauendorf,Germany,https://media.api-sports.io/football/players/284248.png,Liverpool,Midfielder,19,0,0,0,0,6800000.0
284259,2023,Ty Kimoni Barnett,Ty,Kimoni Barnett,England,https://media.api-sports.io/football/players/284259.png,Wolves,Attacker,18,0,0,0,0,6400000.0
284260,2023,Dylan Williams,Dylan,Williams,England,https://media.api-sports.io/football/players/284260.png,Chelsea,Defender,19,0,0,0,0,2700000.0
284262,2023,H. Griffiths,Harvey,Lawson Griffiths,England,https://media.api-sports.io/football/players/284262.png,Wolves,Midfielder,19,0,0,0,0,3200000.0
284266,2023,L. Warrington,Lewis Wesley,Warrington,England,https://media.api-sports.io/football/players/284266.png,Everton,Midfielder,20,1,0,0,0,4100000.0
284278,2023,Michael Ndiweni,Michael,Ndiweni,England,https://media.api-sports.io/football/players/284278.png,Newcastle,Attacker,19,1,0,0,0,8100000.0
284287,2023,Mateusz Konrad Musiałowski,Mateusz Konrad,Musiałowski,Poland,https://media.api-sports.io/football/players/284287.png,Liverpool,Midfielder,19,0,0,0,0,4400000.0
284291,2023,J. Turner-Cooke,Jay,Turner-Cooke,England,https://media.api-sports.io/football/players/284291.png,Newcastle,Midfielder,19,0,0,0,0,4100000.0
284297,2023,O. Dodgson,Owen Joel,Dodgson,England,https://media.api-sports.io/football/players/284297.png,Burnley,Defender,20,0,0,0,0,5700000.0
284300,2023,Álvaro Fernández,Álvaro,Fernández Carreras,Spain,https://media.api-sports.io/football/players/284300.png,Manchester United,Defender,20,0,0,0,0,3600000.0
284305,2023,Jamie Miley,Jamie,Miley,England,https://media.api-sports.io/football/players/284305.png,Newcastle,Midfielder,19,0,0,0,0,2700000.0
284322,2023,K. Mainoo,Kobbie Boateng,Mainoo,England,https://media.api-sports.io/football/players/284322.png,Manchester United,Midfielder,18,29,1939,3,1,11000000.0
284323,2023,C. Savage,Charlie William Henry,Savage,Wales,https://media.api-sports.io/football/players/284323.png,Manchester United,Midfielder,20,0,0,0,0,5000000.0
284324,2023,A. Garnacho,Alejandro,Garnacho Ferreyra,Argentina,https://media.api-sports.io/football/players/284324.png,Manchester United,Attacker,19,36,2578,7,4,19200000.0
284357,2023,Aaron Keto-Diyawa,Aaron,Keto-Diyawa,England,https://media.api-sports.io/football/players/284357.png,Wolves,Defender,19,0,0,0,0,3000000.0
284359,2023,Justin Quincy Hubner,Justin Quincy,Hubner,Netherlands,https://media.api-sports.io/football/players/284359.png,Wolves,Defender,19,0,0,0,0,2200000.0
284361,2023,R. Vítek,Radek,Vítek,Czechia,https://media.api-sports.io/football/players/284361.png,Manchester United,Goalkeeper,19,0,0,0,0,3600000.0
284363,2023,R. Bennett,Rhys Joseph,Wright Bennett,England,https://media.api-sports.io/football/players/284363.png,Manchester United,Defender,19,0,0,0,0,3200000.0
284366,2023,L. Chambers,Luke,Chambers,England,https://media.api-sports.io/football/players/284366.png,Liverpool,Defender,19,0,0,0,0,2400000.0
284367,2023,Luca Stephenson,Luca,Stephenson,England,https://media.api-sports.io/football/players/284367.png,Liverpool,Midfielder,19,0,0,0,0,5600000.0
284373,2023,L. De Bolle,Lucas,De Bolle,Scotland,https://media.api-sports.io/football/players/284373.png,Newcastle,Midfielder,20,0,0,0,0,2200000.0
284375,2023,James Alan Huntley,James Alan,Huntley,England,https://media.api-sports.io/football/players/284375.png,Newcastle,Midfielder,19,0,0,0,0,3800000.0
284382,2023,Dermot William Mee,Dermot William,Mee,Northern Ireland,https://media.api-sports.io/football/players/284382.png,Manchester United,Goalkeeper,20,0,0,0,0,1900000.0
284385,2023,Elijah Xavier Campbell,Elijah,Xavier Campbell,England,https://media.api-sports.io/football/players/284385.png,Everton,Defender,18,0,0,0,0,3200000.0
284400,2023,Tobias Christopher Collyer,Tobias Christopher,Collyer,England,https://media.api-sports.io/football/players/284400.png,Manchester United,Midfielder,19,0,0,0,0,7400000.0
284404,2023,Jimi Weikko Tauriainen,Jimi Weikko,Tauriainen,Finland,https://media.api-sports.io/football/players/284404.png,Chelsea,Midfielder,19,5,1,0,0,10000000.0
284406,2023,A. Gilchrist,Alfie,Gilchrist,England,https://media.api-sports.io/football/players/284406.png,Chelsea,Defender,19,11,199,1,0,3300000.0
284409,2023,D. Mubama,Divin Saku,Mubama,England,https://media.api-sports.io/football/players/284409.png,West Ham,Attacker,18,5,75,0,0,2900000.0
284415,2023,Yago Alonso,Yago,de Santiago Alonso,Spain,https://media.api-sports.io/football/players/284415.png,Tottenham,Attacker,20,0,0,0,0,5300000.0
284416,2023,Roshaun Mathurin,Roshaun,Mathurin,England,https://media.api-sports.io/football/players/284416.png,Crystal Palace,Attacker,19,0,0,0,0,8100000.0
284428,2023,O. Hutchinson,Omari Elijah,Giraud-Hutchinson,Jamaica,https://media.api-sports.io/football/players/284428.png,Chelsea,Attacker,19,0,0,0,0,3500000.0
284439,2023,L. Sousa,Lino,da Cruz Sousa,England,https://media.api-sports.io/football/players/284439.png,Arsenal,Defender,18,0,0,0,0,3900000.0
284446,2023,F. Potts,Freddie,Potts,England,https://media.api-sports.io/football/players/284446.png,West Ham,Midfielder,19,0,0,0,0,9500000.0
284449,2023,J. Rak-Sakyi,Jesurun,Rak-Sakyi,England,https://media.api-sports.io/football/players/284449.png,Crystal Palace,Midfielder,20,6,140,0,0,4000000.0
284466,2023,C. Patino,Charlie Michael,Patino,England,https://media.api-sports.io/football/players/284466.png,Arsenal,Midfielder,19,0,0,0,0,3300000.0
284470,2023,M. Dibley-Dias,Matthew Max,Dibley-Dias,England,https://media.api-sports.io/football/players/284470.png,Fulham,Midfielder,19,0,0,0,0,3000000.0
284471,2023,S. Parkes,Stefan Charles Earl,Parkes,England,https://media.api-sports.io/football/players/284471.png,Fulham,Defender,19,0,0,0,0,2800000.0
284475,2023,L. Harris,Luke Bernard,Harris,Wales,https://media.api-sports.io/football/players/284475.png,Fulham,Midfielder,18,5,74,0,0,6000000.0
284492,2023,L. Hall,Lewis Kieran,Hall,England,https://media.api-sports.io/football/players/284492.png,Newcastle,Defender,18,18,777,1,0,6900000.0
284493,2023,T. Adaramola,Omotayo Daniel,Adaramola,Republic of Ireland,https://media.api-sports.io/football/players/284493.png,Crystal Palace,Defender,19,0,0,0,0,2500000.0
284502,2023,James Lannin-Sweet,James,Lannin-Sweet,England,https://media.api-sports.io/football/players/284502.png,Arsenal,Defender,18,0,0,0,0,3300000.0
284531,2023,Benjamin Harvey Jackson,Benjamin,Harvey Jackson,England,https://media.api-sports.io/football/players/284531.png,Brighton,Defender,19,0,0,0,0,4600000.0
284532,2023,Zak Norton Sturge,Zak,Norton Sturge,England,https://media.api-sports.io/football/players/284532.png,Chelsea,Defender,19,0,0,0,0,4600000.0
284536,2023,J. Knightbridge,Jacob Christopher,Knightbridge,England,https://media.api-sports.io/football/players/284536.png,West Ham,Goalkeeper,19,0,0,0,0,2400000.0
284540,2023,Mauro Bandeira,Mauro,Gomes Bandeira,Portugal,https://media.api-sports.io/football/players/284540.png,Arsenal,Midfielder,19,0,0,0,0,3200000.0
284549,2023,J. Whitworth,Joseph Charles,Whitworth,England,https://media.api-sports.io/football/players/284549.png,Crystal Palace,Goalkeeper,19,0,0,0,0,2600000.0
284551,2023,J. Wells-Morrison,Jack Campbell,Wells-Morrison,England,https://media.api-sports.io/football/players/284551.png,Crystal Palace,Midfielder,19,0,0,0,0,6800000.0
284554,2023,O. Goodman,Owen Olamidayo,Goodman,England,https://media.api-sports.io/football/players/284554.png,Crystal Palace,Goalkeeper,19,0,0,0,0,2200000.0
284559,2023,Alexander Paul Borto,Alexander Paul,Borto,USA,https://media.api-sports.io/football/players/284559.png,Fulham,Goalkeeper,19,0,0,0,0,1000000.0
284571,2023,C. Sagoe,Charles Kwame,Sagoe Junior,England,https://media.api-sports.io/football/players/284571.png,Arsenal,Attacker,19,0,0,0,0,5700000.0
284797,2023,D. Ouattara,Dango Aboubacar Faissal,Ouattara,Burkina Faso,https://media.api-sports.io/football/players/284797.png,Bournemouth,Attacker,21,30,1219,1,2,9900000.0
286458,2023,J. Devenny,Justin,Devenny,Scotland,https://media.api-sports.io/football/players/286458.png,Crystal Palace,Midfielder,19,0,0,0,0,3000000.0
286764,2023,Kaide Gordon,Kaide,Gordon,England,https://media.api-sports.io/football/players/286764.png,Liverpool,Attacker,18,2,1,0,0,2100000.0
286773,2023,Leo Castledine,Leo,Castledine,England,https://media.api-sports.io/football/players/286773.png,Chelsea,Midfielder,17,0,0,0,0,4100000.0
287109,2023,J. McConnell,James,McConnell,England,https://media.api-sports.io/football/players/287109.png,Liverpool,Midfielder,18,3,1,0,0,2900000.0
287111,2023,Fabian Mrozek,Fabian,Mrozek,Poland,https://media.api-sports.io/football/players/287111.png,Liverpool,Goalkeeper,19,0,0,0,0,1800000.0
287868,2023,Max Merrick,Max,Merrick,England,https://media.api-sports.io/football/players/287868.png,Chelsea,Goalkeeper,17,0,0,0,0,2500000.0
288006,2023,R. Højlund,Rasmus,Winther Højlund,Denmark,https://media.api-sports.io/football/players/288006.png,Manchester United,Attacker,20,30,2169,10,2,33900000.0
288055,2023,Ângelo,Ângelo Gabriel,Borges Damaceno,Brazil,https://media.api-sports.io/football/players/288055.png,Chelsea,Attacker,18,0,0,0,0,4800000.0
288102,2023,A. Wharton,Adam James,Wharton,England,https://media.api-sports.io/football/players/288102.png,Crystal Palace,Midfielder,19,16,1305,0,3,18300000.0
288106,2023,Marc Jurado,Marc,Jurado Gómez,Spain,https://media.api-sports.io/football/players/288106.png,Manchester United,Defender,19,0,0,0,0,2800000.0
288107,2023,C. McNeill,Charlie Martin,McNeill,England,https://media.api-sports.io/football/players/288107.png,Manchester United,Attacker,19,0,0,0,0,4900000.0
288112,2023,Willy Kambwala Ndengushi,Willy,Kambwala Ndengushi,France,https://media.api-sports.io/football/players/288112.png,Manchester United,Defender,18,16,336,0,0,3100000.0
288116,2023,K. Casey,Kaelan,Casey,England,https://media.api-sports.io/football/players/288116.png,West Ham,Defender,18,8,1,0,0,1300000.0
288118,2023,L. Orford,Lewis,Orford,England,https://media.api-sports.io/football/players/288118.png,West Ham,Midfielder,17,0,0,0,0,4600000.0
288279,2023,Luizão,Luiz Gustavo,Oliveira da Silva,Brazil,https://media.api-sports.io/football/players/288279.png,West Ham,Defender,21,0,0,0,0,1800000.0
288699,2023,M. Perrone,Máximo,Perrone,Argentina,https://media.api-sports.io/football/players/288699.png,Manchester City,Midfielder,20,0,0,0,0,6400000.0
289618,2023,Alex Matos,Alex,Matos,England,https://media.api-sports.io/football/players/289618.png,Chelsea,Midfielder,18,1,0,0,0,4900000.0
290962,2023,B. Greenwood,Ben,Greenwood,Republic of Ireland,https://media.api-sports.io/football/players/290962.png,Bournemouth,Defender,20,0,0,0,0,3200000.0
291022,2023,Joshua Keeley,Joshua,Keeley,Republic of Ireland,https://media.api-sports.io/football/players/291022.png,Tottenham,Goalkeeper,20,0,0,0,0,1100000.0
291363,2023,George Earthy,George,Earthy,England,https://media.api-sports.io/football/players/291363.png,West Ham,Midfielder,18,3,32,1,0,16000000.0
291476,2023,D. Fofana,David Datro,Fofana,Côte d'Ivoire,https://media.api-sports.io/football/players/291476.png,Burnley,Attacker,20,15,901,4,1,31700000.0
293162,2023,J. Raymond,Jadan,Raymond,England,https://media.api-sports.io/football/players/293162.png,Crystal Palace,Midfielder,19,0,0,0,0,3500000.0
293163,2023,J. Donley,Jamie,Donley,England,https://media.api-sports.io/football/players/293163.png,Tottenham,Midfielder,18,13,3,0,0,2400000.0
293164,2023,Amadou Diallo,Amadou,Diallo,England,https://media.api-sports.io/football/players/293164.png,Newcastle,Attacker,20,6,1,0,0,6000000.0
293168,2023,Max Alleyne,Max,Alleyne,England,https://media.api-sports.io/football/players/293168.png,Manchester City,Defender,18,0,0,0,0,2700000.0
296121,2023,J. Hinchy,Jack Samuel Lawrence,Hinchy,England,https://media.api-sports.io/football/players/296121.png,Brighton,Midfielder,20,0,0,0,0,7500000.0
296458,2023,D. Jebbison,Daniel David,Jebbison,Canada,https://media.api-sports.io/football/players/296458.png,Bournemouth,Attacker,20,1,20,0,0,7200000.0
297635,2023,Devan Austin Tanton Pedraza,Devan,Austin Tanton Pedraza,Colombia,https://media.api-sports.io/football/players/297635.png,Fulham,Defender,19,0,0,0,0,3900000.0
297641,2023,Jenson Metcalfe,Jenson,Metcalfe,England,https://media.api-sports.io/football/players/297641.png,Everton,Midfielder,18,0,0,0,0,3300000.0
298061,2023,Ted Curd,Ted,Curd,England,https://media.api-sports.io/football/players/298061.png,Chelsea,Goalkeeper,17,0,0,0,0,900000.0
298062,2023,Louis Jackson,Louis,Jackson,England,https://media.api-sports.io/football/players/298062.png,Manchester United,Defender,17,0,0,0,0,2100000.0
298099,2023,Mackenzie Hunt,Mackenzie,Hunt,England,https://media.api-sports.io/football/players/298099.png,Everton,Defender,21,0,0,0,0,8700000.0
298129,2023,M. Boateng,Malachi,Boateng,England,https://media.api-sports.io/football/players/298129.png,Crystal Palace,Midfielder,21,0,0,0,0,4500000.0
301281,2023,A. Phillips,Ashley,Famiwuya Phillips,England,https://media.api-sports.io/football/players/301281.png,Tottenham,Defender,18,0,0,0,0,2900000.0
301295,2023,K. Rodney,Kaden Kai,Rodney,England,https://media.api-sports.io/football/players/301295.png,Crystal Palace,Midfielder,18,0,0,0,0,3100000.0
301771,2023,S. Adingra,Simon,Adingra,Côte d'Ivoire,https://media.api-sports.io/football/players/301771.png,Brighton,Attacker,21,31,2231,6,1,18400000.0
303010,2023,Daniel Gore,Daniel,Gore,England,https://media.api-sports.io/football/players/303010.png,Manchester United,Midfielder,18,1,0,0,0,2700000.0
303016,2023,M. Oyedele,Maximillian,Oyedele,Poland,https://media.api-sports.io/football/players/303016.png,Manchester United,Midfielder,18,0,0,0,0,5100000.0
303019,2023,N. Fraser,Nathan John Mark,Fraser,Republic of Ireland,https://media.api-sports.io/football/players/303019.png,Wolves,Attacker,18,7,180,0,0,6500000.0
304319,2023,Ademola Oladipupo Ola-Adebomi,Ademola,Oladipupo Ola-Adebomi,England,https://media.api-sports.io/football/players/304319.png,Crystal Palace,Attacker,19,0,0,0,0,11400000.0
304320,2023,D. Ozoh,David Ikechukwu,Ozoh,England,https://media.api-sports.io/football/players/304320.png,Crystal Palace,Midfielder,18,9,147,0,0,5300000.0
304853,2023,A. Scott,Alex Jay,Scott,England,https://media.api-sports.io/football/players/304853.png,Bournemouth,Midfielder,19,25,1017,1,1,15600000.0
305730,2023,J. Hinshelwood,Jack Luca,Hinshelwood,England,https://media.api-sports.io/football/players/305730.png,Brighton,Midfielder,18,16,869,3,0,7200000.0
305735,2023,J. Duffus,Joshua James,Leslie Duffus,England,https://media.api-sports.io/football/players/305735.png,Brighton,Attacker,18,0,0,0,0,7900000.0
305834,2023,Andrey Santos,Andrey,Nascimento dos Santos,Brazil,https://media.api-sports.io/football/players/305834.png,Chelsea,Midfielder,19,0,0,0,0,4200000.0
308867,2023,S. Grehan,Seán,Grehan,Republic of Ireland,https://media.api-sports.io/football/players/308867.png,Crystal Palace,Defender,19,0,0,0,0,2600000.0
309501,2023,A. Cozier-Duberry,Amario,Cozier-Duberry,England,https://media.api-sports.io/football/players/309501.png,Arsenal,Midfielder,18,0,0,0,0,4400000.0
309505,2023,R. Walters,Reuell,Walters,England,https://media.api-sports.io/football/players/309505.png,Arsenal,Defender,18,0,0,0,0,2800000.0
309507,2023,B. Ibrahim,Bradley,Ibrahim,England,https://media.api-sports.io/football/players/309507.png,Arsenal,Midfielder,18,0,0,0,0,3200000.0
310186,2023,C. Scanlon,Calum,Scanlon,England,https://media.api-sports.io/football/players/310186.png,Liverpool,Defender,18,0,0,0,0,1400000.0
310187,2023,Stefan Bajčetić,Stefan,Bajčetić Maquieira,Spain,https://media.api-sports.io/football/players/310187.png,Liverpool,Midfielder,18,1,26,0,0,3500000.0
310531,2023,Rio Kyerematen,Rio,Kyerematen,England,https://media.api-sports.io/football/players/310531.png,Tottenham,Midfielder,18,0,0,0,0,3800000.0
311157,2023,Matheus França,Matheus,França de Oliveira,Brazil,https://media.api-sports.io/football/players/311157.png,Crystal Palace,Attacker,19,19,238,0,1,9700000.0
311334,2023,F. Buonanotte,Facundo Valentín,Buonanotte,Argentina,https://media.api-sports.io/football/players/311334.png,Brighton,Midfielder,18,27,1367,3,1,14400000.0
311344,2023,A. Véliz,Alejo,Véliz,Argentina,https://media.api-sports.io/football/players/311344.png,Tottenham,Attacker,19,8,42,1,0,2800000.0
311520,2023,Marquinhos,Marcus Vinícius,Oliveira Alencar,Brazil,https://media.api-sports.io/football/players/311520.png,Arsenal,Attacker,20,0,0,0,0,5300000.0
311817,2023,A. Dorrington,Alfie,Dorrington,England,https://media.api-sports.io/football/players/311817.png,Tottenham,Defender,18,0,0,0,0,3600000.0
313236,2023,E. Nwaneri,Ethan Chidiebere,Nwaneri,England,https://media.api-sports.io/football/players/313236.png,Arsenal,Midfielder,16,2,13,0,0,2200000.0
313245,2023,M. Lewis-Skelly,Myles Anthony,Lewis-Skelly,England,https://media.api-sports.io/football/players/313245.png,Arsenal,Defender,16,0,0,0,0,600000.0
313671,2023,Ciaran Thompson,Ciaran James,Thompson,England,https://media.api-sports.io/football/players/313671.png,Newcastle,Defender,18,0,0,0,0,2600000.0
313925,2023,Cameron Ferguson,Cameron,Ferguson,England,https://media.api-sports.io/football/players/313925.png,Newcastle,Attacker,20,0,0,0,0,4200000.0
314661,2023,J. Danns,Jayden,Danns,England,https://media.api-sports.io/football/players/314661.png,Liverpool,Attacker,17,2,7,0,0,3400000.0
315237,2023,W. Osula,William Idamudia,Daugaard Osula,Denmark,https://media.api-sports.io/football/players/315237.png,Newcastle,Attacker,19,30,804,0,0,5500000.0
318056,2023,A. Murphy,Alex,Murphy,Republic of Ireland,https://media.api-sports.io/football/players/318056.png,Newcastle,Defender,19,2,11,0,0,4700000.0
319572,2023,V. Barco,Valentín,Barco,Argentina,https://media.api-sports.io/football/players/319572.png,Brighton,Midfielder,19,6,305,0,0,6100000.0
323449,2023,A. Al Dakhil,Ameen,Al Dakhil,Belgium,https://media.api-sports.io/football/players/323449.png,Burnley,Defender,21,15,1055,1,0,20700000.0
327728,2023,Delano McCoy-Splatt\t,Delano,McCoy-Splatt,Jamaica,https://media.api-sports.io/football/players/327728.png,Fulham,Midfielder,18,0,0,0,0,5900000.0
327730,2023,O. Scarles,Oliver,Scarles,England,https://media.api-sports.io/football/players/327730.png,West Ham,Defender,17,0,0,0,0,3000000.0
327738,2023,L. De Fougerolles,Luc,Rollet De Fougerolles,Canada,https://media.api-sports.io/football/players/327738.png,Fulham,Defender,17,0,0,0,0,1900000.0
327748,2023,Billy Gee,Billy,Gee,England,https://media.api-sports.io/football/players/327748.png,Chelsea,Defender,18,0,0,0,0,5000000.0
328093,2023,I. Samuels-Smith,Ishé Barrington,Samuels-Smith,England,https://media.api-sports.io/football/players/328093.png,Chelsea,Defender,17,0,0,0,0,3800000.0
328095,2023,Luca Barrington,Luca,Barrington,England,https://media.api-sports.io/football/players/328095.png,Brighton,Attacker,18,0,0,0,0,4700000.0
328097,2023,Mahamadou Susoho Sissoho,Mahamadou,Susoho Sissoho,Spain,https://media.api-sports.io/football/players/328097.png,Manchester City,Midfielder,18,0,0,0,0,2800000.0
328098,2023,H. Ogunneye,Habeeb,Ogunneye,England,https://media.api-sports.io/football/players/328098.png,Manchester United,Defender,17,0,0,0,0,2800000.0
328104,2023,Ben Parkinson,Ben,Parkinson,England,https://media.api-sports.io/football/players/328104.png,Newcastle,Attacker,18,9,24,0,0,4700000.0
328105,2023,L. Miley,Lewis,Miley,England,https://media.api-sports.io/football/players/328105.png,Newcastle,Midfielder,17,18,1205,1,3,11100000.0
328107,2023,L. Koumas,Lewis,Koumas,England,https://media.api-sports.io/football/players/328107.png,Liverpool,Attacker,17,0,0,0,0,5600000.0
328118,2023,Matthew Whittingham,Matthew,Whittingham,England,https://media.api-sports.io/football/players/328118.png,Wolves,Midfielder,18,0,0,0,0,2700000.0
328808,2023,M. Ebiowei,Malcolm,Perewari Ebiowei,England,https://media.api-sports.io/football/players/328808.png,Crystal Palace,Attacker,19,0,0,0,0,4700000.0
330412,2023,Youssef Chermiti,Youssef,Ramalho Chermiti,Portugal,https://media.api-sports.io/football/players/330412.png,Everton,Attacker,19,18,230,0,0,5500000.0
330636,2023,Sonny Aljofree,Sonny,Aljofree,England,https://media.api-sports.io/football/players/330636.png,Manchester United,Defender,18,0,0,0,0,2800000.0
330986,2023,M. Golding,Michael Heinz,Golding,England,https://media.api-sports.io/football/players/330986.png,Chelsea,Midfielder,17,0,0,0,0,5100000.0
331009,2023,C. Sayers,Charlie,Sayers,England,https://media.api-sports.io/football/players/331009.png,Tottenham,Defender,19,0,0,0,0,2100000.0
334037,2023,Tyrique George,Tyrique Aaron Delali Yusuff,George,England,https://media.api-sports.io/football/players/334037.png,Chelsea,Attacker,17,0,0,0,0,3500000.0
334725,2023,D. Sadi,Dominic,Sadi,England,https://media.api-sports.io/football/players/334725.png,Bournemouth,Attacker,19,1,0,0,0,4300000.0
334729,2023,B. Clark,Bobby Lamont,Clark,England,https://media.api-sports.io/football/players/334729.png,Liverpool,Midfielder,18,11,103,0,0,1600000.0
335116,2023,K. Šekularac,Kristian,Šekularac,Switzerland,https://media.api-sports.io/football/players/335116.png,Fulham,Midfielder,19,0,0,0,0,3300000.0
336240,2023,N. Atom,Noël,Bigo Atom,Germany,https://media.api-sports.io/football/players/336240.png,Brighton,Defender,18,0,0,0,0,2900000.0
336564,2023,W. Odobert,Wilson Serge Eric,Odobert,France,https://media.api-sports.io/football/players/336564.png,Burnley,Attacker,18,33,2118,3,2,10800000.0
336599,2023,Benicio Baker-Boaitey,Benicio,Baker-Boaitey,England,https://media.api-sports.io/football/players/336599.png,Brighton,Midfielder,19,5,35,0,0,7300000.0
337929,2023,G. Abbott,George David,Abbott,England,https://media.api-sports.io/football/players/337929.png,Tottenham,Defender,17,0,0,0,0,2600000.0
338856,2023,N. Lemina,Pascal Noha,Lemina,France,https://media.api-sports.io/football/players/338856.png,Wolves,Midfielder,18,0,0,0,0,2500000.0
340135,2023,Mark O’Mahony,Mark,O’Mahony,Republic of Ireland,https://media.api-sports.io/football/players/340135.png,Brighton,Attacker,18,3,62,0,0,4900000.0
340136,2023,F. Umeh,Franco,Umeh-Chibueze,Republic of Ireland,https://media.api-sports.io/football/players/340136.png,Crystal Palace,Attacker,18,0,0,0,0,5100000.0
340919,2023,Ellis Stanton,Ellis,Stanton,England,https://media.api-sports.io/football/players/340919.png,Newcastle,Midfielder,18,0,0,0,0,3800000.0
342191,2023,A. Mazilu,Adrian,Mazilu,Romania,https://media.api-sports.io/football/players/342191.png,Brighton,Attacker,17,0,0,0,0,4400000.0
343576,2023,B. Doak,Ben,Gannon Doak,Scotland,https://media.api-sports.io/football/players/343576.png,Liverpool,Attacker,17,1,13,0,0,4000000.0
344707,2023,C. Marshall,Callum,Marshall,Northern Ireland,https://media.api-sports.io/football/players/344707.png,West Ham,Attacker,18,0,0,0,0,4500000.0
347066,2023,E. Pollock,Euan,Pollock,England,https://media.api-sports.io/football/players/347066.png,Bournemouth,Attacker,20,0,0,0,0,7300000.0
349384,2023,T. Hall,Tyrese,Hall,England,https://media.api-sports.io/football/players/349384.png,Tottenham,Midfielder,17,0,0,0,0,4000000.0
349987,2023,G. Kuol,Garang,Mawien Kuol,Australia,https://media.api-sports.io/football/players/349987.png,Newcastle,Attacker,18,0,0,0,0,4600000.0
352210,2023,Dylan Charlton,Dylan,Charlton,Iceland,https://media.api-sports.io/football/players/352210.png,Newcastle,Defender,17,0,0,0,0,1800000.0
356041,2023,C. Baleba,Carlos Noom,Quomah Baleba,Cameroon,https://media.api-sports.io/football/players/356041.png,Brighton,Midfielder,19,34,1362,0,0,6100000.0
359386,2023,M. Godo,Becket Fabrice-Martial,Godo,England,https://media.api-sports.io/football/players/359386.png,Fulham,Attacker,20,0,0,0,0,5900000.0
359603,2023,L. Koleosho,Luca,Warrick Daeovie Koleosho,Italy,https://media.api-sports.io/football/players/359603.png,Burnley,Attacker,18,15,983,1,1,7800000.0
361388,2023,E. Agyei,Enock,Atta Agyei,Belgium,https://media.api-sports.io/football/players/361388.png,Burnley,Attacker,18,0,0,0,0,3800000.0
361675,2023,True Grant,True,Grant,England,https://media.api-sports.io/football/players/361675.png,Manchester City,Goalkeeper,17,0,0,0,0,1800000.0
361736,2023,Leo Black,Leo,Black,England,https://media.api-sports.io/football/players/361736.png,Tottenham,Attacker,17,0,0,0,0,6300000.0
362270,2023,E. Wheatley,Ethan Joseph,Wheatley,England,https://media.api-sports.io/football/players/362270.png,Manchester United,Attacker,17,3,12,0,0,2900000.0
363974,2023,Z. Marsh,Zach,Marsh,England,https://media.api-sports.io/football/players/363974.png,Crystal Palace,Attacker,17,0,0,0,0,4400000.0
364048,2023,Harrison Murray-Campbell,Harrison,Murray-Campbell,England,https://media.api-sports.io/football/players/364048.png,Chelsea,Defender,16,0,0,0,0,2300000.0
365660,2023,K. Dyer,Kiano,Dyer,England,https://media.api-sports.io/football/players/365660.png,Chelsea,Midfielder,16,0,0,0,0,2100000.0
365988,2023,Aidan Harris,Aidan,Harris,England,https://media.api-sports.io/football/players/365988.png,Newcastle,Goalkeeper,16,0,0,0,0,800000.0
366735,2023,Joshua Kofi Acheampong,Joshua Kofi,Acheampong,England,https://media.api-sports.io/football/players/366735.png,Chelsea,Defender,17,4,12,0,0,2400000.0
378981,2023,Elyh Harrison,Elyh,Harrison,England,https://media.api-sports.io/football/players/378981.png,Manchester United,Goalkeeper,17,0,0,0,0,2500000.0
380653,2023,L. Chiwome,Leon,Chiwome,England,https://media.api-sports.io/football/players/380653.png,Wolves,Attacker,17,4,175,0,0,6000000.0
380690,2023,M. Moore,Mikey Steven Danny,Moore,England,https://media.api-sports.io/football/players/380690.png,Tottenham,Attacker,15,2,2,0,0,3000000.0
382160,2023,D. Adu-Adjei,Daniel,Adu-Adjei,England,https://media.api-sports.io/football/players/382160.png,Bournemouth,Attacker,18,0,0,0,0,3500000.0
382166,2023,C. Plain,Cameron Christopher,Plain,England,https://media.api-sports.io/football/players/382166.png,Bournemouth,Goalkeeper,21,0,0,0,0,1800000.0
382167,2023,J. Wadham,Jack,Wadham,England,https://media.api-sports.io/football/players/382167.png,Bournemouth,Midfielder,20,0,0,0,0,5300000.0
382170,2023,M. Kinsey-Wellings,Maxwell,Kinsey-Wellings,England,https://media.api-sports.io/football/players/382170.png,Bournemouth,Defender,18,0,0,0,0,3000000.0
382355,2023,Jacob Wright,Jacob,Wright,England,https://media.api-sports.io/football/players/382355.png,Manchester City,Midfielder,17,0,0,0,0,3500000.0
382930,2023,F. Okoh,Ferdinand,Okoh,England,https://media.api-sports.io/football/players/382930.png,Bournemouth,Midfielder,19,0,0,0,0,4400000.0
384585,2023,T. Hernes,Travis Enrique,Hernes,England,https://media.api-sports.io/football/players/384585.png,Newcastle,Midfielder,17,0,0,0,0,3600000.0
384981,2023,S. Amissah,Samuel,Amissah,England,https://media.api-sports.io/football/players/384981.png,Fulham,Defender,16,0,0,0,0,2100000.0
385726,2023,E. González,Enso David,González Medina,Paraguay,https://media.api-sports.io/football/players/385726.png,Wolves,Attacker,18,5,8,0,0,7300000.0
389315,2023,Joshua King,Joshua,King,England,https://media.api-sports.io/football/players/389315.png,Fulham,Midfielder,16,0,0,0,0,3500000.0
390769,2023,Michael Dacosta,Michael,Dacosta Gonzales,Spain,https://media.api-sports.io/football/players/390769.png,Bournemouth,Midfielder,18,0,0,0,0,2200000.0
394167,2023,O. Harrison,Ollie,Harrison,England,https://media.api-sports.io/football/players/394167.png,Chelsea,Midfielder,15,0,0,0,0,700000.0
394710,2023,C. McKenna,Callan,McKenna,Scotland,https://media.api-sports.io/football/players/394710.png,Bournemouth,Goalkeeper,16,0,0,0,0,2000000.0
397997,2023,T. Nyoni,Treymaurice,Nyoni,England,https://media.api-sports.io/football/players/397997.png,Liverpool,Midfielder,16,0,0,0,0,4800000.0
398933,2023,F. Holman,Fletcher,Holman,England,https://media.api-sports.io/football/players/398933.png,Wolves,Attacker,18,0,0,0,0,4300000.0
402329,2023,A. Heaven,Ayden,Heaven,England,https://media.api-sports.io/football/players/402329.png,Arsenal,Defender,16,0,0,0,0,1000000.0
402524,2023,A. Harrison,Adam Alan,Harrison,England,https://media.api-sports.io/football/players/402524.png,Newcastle,Goalkeeper,16,0,0,0,0,1300000.0
403064,2023,H. Amass,Harry,Amass,England,https://media.api-sports.io/football/players/403064.png,Manchester United,Defender,16,0,0,0,0,3300000.0
404021,2023,F. Marjoram,Finley,Marjoram,England,https://media.api-sports.io/football/players/404021.png,Crystal Palace,Midfielder,17,0,0,0,0,5300000.0
404574,2023,Luis Guilherme,Luis Guilherme,Lira dos Santos,Brazil,https://media.api-sports.io/football/players/404574.png,West Ham,Attacker,17,0,0,0,0,4500000.0
407032,2023,A. Nallo,Amara,Nallo,England,https://media.api-sports.io/football/players/407032.png,Liverpool,Defender,16,0,0,0,0,1600000.0
408893,2023,Wesley Okoduwa,Wesley,Okoduwa,England,https://media.api-sports.io/football/players/408893.png,Wolves,Defender,15,0,0,0,0,1500000.0
411808,2023,D. Richards,Dujuan Odile,Richards,Jamaica,https://media.api-sports.io/football/players/411808.png,Chelsea,Attacker,17,0,0,0,0,3100000.0
415001,2023,Deivid Washington,Deivid Washington,de Souza Eugênio,Brazil,https://media.api-sports.io/football/players/415001.png,Chelsea,Attacker,18,2,11,0,0,4300000.0
5,2024,M. Akanji,Manuel Obafemi,Akanji,Switzerland,https://media.api-sports.io/football/players/5.png,Manchester City,Defender,29,28,2020,0,0,7300000.0
18,2024,J. Sancho,Jadon Malik,Sancho,England,https://media.api-sports.io/football/players/18.png,Chelsea,Attacker,24,31,1764,3,4,36000000.0
23,2024,Sergio Gómez,Sergio,Gómez Martín,Spain,https://media.api-sports.io/football/players/23.png,Manchester City,Attacker,23,0,0,0,0,9500000.0
44,2024,Rodri,Rodrigo,Hernández Cascante,Spain,https://media.api-sports.io/football/players/44.png,Manchester City,Midfielder,28,5,80,0,0,6800000.0
49,2024,T. Partey,Thomas,Teye Partey,Ghana,https://media.api-sports.io/football/players/49.png,Arsenal,Midfielder,31,35,2798,4,2,14400000.0
74,2024,S. Amrabat,Sofyan,Amrabat,Morocco,https://media.api-sports.io/football/players/74.png,Manchester United,Midfielder,27,0,0,0,0,6900000.0
80,2024,E. Dennis,Emmanuel Bonaventure,Dennis,Nigeria,https://media.api-sports.io/football/players/80.png,Nottingham Forest,Attacker,26,0,0,0,0,5900000.0
83,2024,A. Danjuma,Arnaut,Danjuma Adam Groeneveld,Netherlands,https://media.api-sports.io/football/players/83.png,Everton,Attacker,27,0,0,0,0,4500000.0
95,2024,B. Badiashile,Benoît Ntambue,Badiashile Mukinayi Baya,France,https://media.api-sports.io/football/players/95.png,Chelsea,Defender,23,22,333,0,0,8700000.0
104,2024,Carlos Vinícius,Carlos Vinícius,Alves Morais,Brazil,https://media.api-sports.io/football/players/104.png,Fulham,Attacker,29,3,33,0,0,7800000.0
105,2024,F. Ballo-Touré,Fodé,Ballo-Touré,Senegal,https://media.api-sports.io/football/players/105.png,Fulham,Defender,27,0,0,0,0,4100000.0
130,2024,Nélson Semedo,Nélson,Cabral Semedo,Portugal,https://media.api-sports.io/football/players/130.png,Wolves,Defender,30,34,2891,0,4,15800000.0
131,2024,Jorge Cuenca,Jorge,Cuenca Barreno,Spain,https://media.api-sports.io/football/players/131.png,Fulham,Defender,24,26,358,0,0,10900000.0
133,2024,C. Lenglet,Clément Nicolas Laurent,Lenglet,France,https://media.api-sports.io/football/players/133.png,Aston Villa,Defender,29,0,0,0,0,3000000.0
138,2024,J. Todibo,Jean-Clair Dimitri Roger,Todibo,France,https://media.api-sports.io/football/players/138.png,West Ham,Defender,24,27,1855,0,0,15100000.0
161,2024,A. Whiteman,Alfie Malik,Whiteman,England,https://media.api-sports.io/football/players/161.png,Tottenham,Goalkeeper,25,0,0,0,0,2300000.0
164,2024,B. Davies,Benjamin Thomas,Davies,Wales,https://media.api-sports.io/football/players/164.png,Tottenham,Defender,31,24,1330,0,0,6300000.0
169,2024,K. Trippier,Kieran John,Trippier,England,https://media.api-sports.io/football/players/169.png,Newcastle,Defender,33,25,1310,0,3,7700000.0
171,2024,K. Walker-Peters,Kyle Leonardus,Walker-Peters,England,https://media.api-sports.io/football/players/171.png,Southampton,Defender,27,33,2922,0,2,31200000.0
172,2024,D. Alli,Bamidele Jermaine,Alli,England,https://media.api-sports.io/football/players/172.png,Everton,Midfielder,28,0,0,0,0,14100000.0
180,2024,O. Skipp,Oliver William,Skipp,England,https://media.api-sports.io/football/players/180.png,Leicester,Midfielder,23,24,1121,0,0,14200000.0
182,2024,H. Winks,Harry Billy,Winks,England,https://media.api-sports.io/football/players/182.png,Leicester,Midfielder,28,22,1539,0,2,21200000.0
186,2024,Son Heung-Min,Heung-Min,Son,Korea Republic,https://media.api-sports.io/football/players/186.png,Tottenham,Attacker,32,30,2116,7,9,27100000.0
190,2024,Cédric Soares,Cédric Ricardo,Alves Soares,Portugal,https://media.api-sports.io/football/players/190.png,Arsenal,Defender,32,0,0,0,0,4200000.0
247,2024,C. Gakpo,Cody Mathès,Gakpo,Netherlands,https://media.api-sports.io/football/players/247.png,Liverpool,Attacker,25,35,1945,10,4,33600000.0
249,2024,D. Malen,Donyell,Malen,Netherlands,https://media.api-sports.io/football/players/249.png,Aston Villa,Attacker,25,17,332,3,0,12700000.0
253,2024,A. Areola,Alphonse Francis,Areola,France,https://media.api-sports.io/football/players/253.png,West Ham,Goalkeeper,31,26,2260,0,0,5700000.0
259,2024,Thiago Silva,Thiago,Emiliano da Silva,Brazil,https://media.api-sports.io/football/players/259.png,Chelsea,Defender,39,0,0,0,0,400000.0
269,2024,C. Nkunku,Christopher Alan,Nkunku,France,https://media.api-sports.io/football/players/269.png,Chelsea,Attacker,26,27,912,3,2,19900000.0
279,2024,L. Mbe Soh,Loïc Junior,Mbe Soh,France,https://media.api-sports.io/football/players/279.png,Nottingham Forest,Defender,23,0,0,0,0,4100000.0
280,2024,Alisson Becker,Alisson Ramsés,Becker,Brazil,https://media.api-sports.io/football/players/280.png,Liverpool,Goalkeeper,31,28,2509,0,0,12600000.0
281,2024,C. Kelleher,Caoimhín Odhrán,Kelleher,Republic of Ireland,https://media.api-sports.io/football/players/281.png,Liverpool,Goalkeeper,25,10,900,0,0,9400000.0
283,2024,T. Alexander-Arnold,Trent John,Alexander-Arnold,England,https://media.api-sports.io/football/players/283.png,Liverpool,Defender,25,33,2377,3,6,17800000.0
284,2024,J. Gomez,Joseph Dave,Gomez,England,https://media.api-sports.io/football/players/284.png,Liverpool,Defender,27,9,518,0,0,11900000.0
285,2024,K. Hoever,Ki-Jana Delano,Hoever,Netherlands,https://media.api-sports.io/football/players/285.png,Wolves,Defender,22,0,0,0,0,4900000.0
286,2024,J. Matip,Job Joël André,Matip,Cameroon,https://media.api-sports.io/football/players/286.png,Liverpool,Defender,32,0,0,0,0,3200000.0
289,2024,A. Robertson,Andrew Henry,Robertson,Scotland,https://media.api-sports.io/football/players/289.png,Liverpool,Defender,30,38,2492,0,1,10300000.0
290,2024,V. van Dijk,Virgil,van Dijk,Netherlands,https://media.api-sports.io/football/players/290.png,Liverpool,Defender,33,38,3330,3,1,10200000.0
293,2024,C. Jones,Curtis Julian,Jones,England,https://media.api-sports.io/football/players/293.png,Liverpool,Midfielder,23,34,1735,3,3,13200000.0
295,2024,A. Lallana,Adam David,Lallana,England,https://media.api-sports.io/football/players/295.png,Southampton,Midfielder,36,14,357,0,2,2100000.0
296,2024,J. Milner,James Philip,Milner,England,https://media.api-sports.io/football/players/296.png,Brighton,Midfielder,38,4,173,0,0,1600000.0
305,2024,D. Origi,Divock,Okoth Origi,Belgium,https://media.api-sports.io/football/players/305.png,Nottingham Forest,Attacker,29,0,0,0,0,6300000.0
306,2024,Mohamed Salah,Mohamed,Salah Hamed Mahrous Ghaly,Egypt,https://media.api-sports.io/football/players/306.png,Liverpool,Attacker,32,38,3377,29,18,82400000.0
371,2024,Felipe,Felipe Augusto,de Almeida Monteiro,Brazil,https://media.api-sports.io/football/players/371.png,Nottingham Forest,Defender,35,0,0,0,0,2200000.0
454,2024,Y. Akgün,Yunus,Akgün,Türkiye,https://media.api-sports.io/football/players/454.png,Leicester,Attacker,24,0,0,0,0,8700000.0
507,2024,Thiago Alcântara,Thiago,Alcântara do Nascimento,Spain,https://media.api-sports.io/football/players/507.png,Liverpool,Midfielder,33,0,0,0,0,4000000.0
532,2024,M. de Ligt,Matthijs,de Ligt,Netherlands,https://media.api-sports.io/football/players/532.png,Manchester United,Defender,24,30,2128,2,0,19600000.0
537,2024,J. Veltman,Joël Ivo,Veltman,Netherlands,https://media.api-sports.io/football/players/537.png,Brighton,Defender,32,24,1699,0,0,7500000.0
542,2024,R. Gravenberch,Ryan Jiro,Gravenberch,Netherlands,https://media.api-sports.io/football/players/542.png,Liverpool,Midfielder,22,37,3168,0,4,16900000.0
545,2024,N. Mazraoui,Noussair,Mazraoui,Morocco,https://media.api-sports.io/football/players/545.png,Manchester United,Defender,26,37,2848,0,1,14600000.0
557,2024,O. Vlachodimos,Odysseas,Vlachodimos,Greece,https://media.api-sports.io/football/players/557.png,Newcastle,Goalkeeper,30,0,0,0,0,2000000.0
616,2024,A. Murić,Arijanet,Murić,Kosovo,https://media.api-sports.io/football/players/616.png,Ipswich,Goalkeeper,25,18,1620,0,0,8300000.0
626,2024,J. Stones,John,Stones,England,https://media.api-sports.io/football/players/626.png,Manchester City,Defender,30,15,545,2,0,11500000.0
627,2024,K. Walker,Kyle Andrew,Walker,England,https://media.api-sports.io/football/players/627.png,Manchester City,Defender,34,17,973,0,0,3400000.0
629,2024,K. De Bruyne,Kevin,De Bruyne,Belgium,https://media.api-sports.io/football/players/629.png,Manchester City,Midfielder,33,33,1715,4,7,13400000.0
631,2024,P. Foden,Philip Walter,Foden,England,https://media.api-sports.io/football/players/631.png,Manchester City,Midfielder,24,33,1786,7,2,12800000.0
633,2024,İ. Gündoğan,İlkay,Gündoğan,Germany,https://media.api-sports.io/football/players/633.png,Manchester City,Midfielder,33,33,2242,1,6,9400000.0
641,2024,O. Zinchenko,Oleksandr,Zinchenko,Ukraine,https://media.api-sports.io/football/players/641.png,Arsenal,Defender,27,31,542,0,1,5800000.0
643,2024,Gabriel Jesus,Gabriel Fernando,de Jesus,Brazil,https://media.api-sports.io/football/players/643.png,Arsenal,Attacker,27,17,603,3,0,9000000.0
645,2024,R. Sterling,Raheem Shaquille,Sterling,England,https://media.api-sports.io/football/players/645.png,Arsenal,Attacker,29,17,496,0,2,9500000.0
657,2024,K. Tete,Kenny Joelle,Tete,Netherlands,https://media.api-sports.io/football/players/657.png,Fulham,Defender,28,24,1779,0,2,16200000.0
665,2024,M. Cornet,Gnaly Albert Maxwel,Cornet,Côte d'Ivoire,https://media.api-sports.io/football/players/665.png,Southampton,Attacker,27,5,71,0,0,7300000.0
697,2024,M. Solomon,Manor,Solomon,Israel,https://media.api-sports.io/football/players/697.png,Tottenham,Attacker,25,0,0,0,0,6300000.0
723,2024,Joelinton,Joelinton Cássio,Apolinário de Lira,Brazil,https://media.api-sports.io/football/players/723.png,Newcastle,Midfielder,27,29,2404,4,3,21200000.0
727,2024,R. Nelson,Reiss Luke,Nelson,England,https://media.api-sports.io/football/players/727.png,Fulham / Arsenal,Attacker,24,13,488,1,0,10500000.0
739,2024,Reguilón,Sergio,Reguilón Rodríguez,Spain,https://media.api-sports.io/football/players/739.png,Tottenham,Defender,27,4,194,0,0,9700000.0
742,2024,R. Varane,Raphaël Xavier,Varane,France,https://media.api-sports.io/football/players/742.png,Manchester United,Defender,31,0,0,0,0,6700000.0
786,2024,N. Zaniolo,Nicolò,Zaniolo,Italy,https://media.api-sports.io/football/players/786.png,Aston Villa,Midfielder,25,0,0,0,0,4200000.0
792,2024,J. Kluivert,Justin Dean,Kluivert,Netherlands,https://media.api-sports.io/football/players/792.png,Bournemouth,Attacker,25,34,2356,12,6,38800000.0
855,2024,João Cancelo,João Pedro,Cavaco Cancelo,Portugal,https://media.api-sports.io/football/players/855.png,Manchester City,Defender,30,0,0,0,0,5500000.0
863,2024,R. Bentancur,Rodrigo,Bentancur Colmán,Uruguay,https://media.api-sports.io/football/players/863.png,Tottenham,Midfielder,27,26,1654,2,0,8700000.0
879,2024,S. Mavididi,Stephy Alvaro,Mavididi,England,https://media.api-sports.io/football/players/879.png,Leicester,Attacker,26,30,1615,4,1,12600000.0
889,2024,V. Lindelöf,Victor Jörgen,Nilsson Lindelöf,Sweden,https://media.api-sports.io/football/players/889.png,Aston Villa,Defender,30,23,725,0,0,3800000.0
891,2024,L. Shaw,Luke Paul Hoare,Shaw,England,https://media.api-sports.io/football/players/891.png,Manchester United,Defender,29,8,348,0,0,7500000.0
894,2024,A. Young,Ashley Simon,Young,England,https://media.api-sports.io/football/players/894.png,Everton,Defender,39,32,1868,1,3,2100000.0
895,2024,J. Garner,James David,Garner,England,https://media.api-sports.io/football/players/895.png,Everton,Midfielder,23,21,1595,0,1,17300000.0
897,2024,M. Greenwood,Mason Will John,Greenwood,England,https://media.api-sports.io/football/players/897.png,Manchester United,Attacker,22,0,0,0,0,7900000.0
899,2024,Andreas Pereira,Andreas Hugo,Hoelgebaum Pereira,Brazil,https://media.api-sports.io/football/players/899.png,Fulham,Midfielder,28,33,2024,2,4,13300000.0
907,2024,R. Lukaku,Romelu Menama,Lukaku Bolingoli,Belgium,https://media.api-sports.io/football/players/907.png,Chelsea,Attacker,31,0,0,0,0,6900000.0
908,2024,A. Martial,Anthony Jordan,Martial,France,https://media.api-sports.io/football/players/908.png,Manchester United,Attacker,28,0,0,0,0,9200000.0
909,2024,M. Rashford,Marcus,Rashford,England,https://media.api-sports.io/football/players/909.png,Aston Villa,Attacker,26,10,441,2,2,10900000.0
912,2024,Neto,Norberto,Murara Neto,Brazil,https://media.api-sports.io/football/players/912.png,Bournemouth,Goalkeeper,35,2,180,0,0,800000.0
925,2024,Gonçalo Guedes,Gonçalo Manuel,Ganchinho Guedes,Portugal,https://media.api-sports.io/football/players/925.png,Wolves,Attacker,27,29,1011,2,4,11600000.0
930,2024,Carlos Soler,Carlos,Soler Barragán,Spain,https://media.api-sports.io/football/players/930.png,West Ham,Midfielder,27,31,1403,1,1,12600000.0
946,2024,K. Mbabu,Melingo Kevin,Mbabu,Switzerland,https://media.api-sports.io/football/players/946.png,Fulham,Defender,29,0,0,0,0,8400000.0
978,2024,K. Havertz,Kai Lukas,Havertz,Germany,https://media.api-sports.io/football/players/978.png,Arsenal,Attacker,25,23,1875,9,3,72100000.0
983,2024,L. Bailey,Leon Patrick,Bailey Butler,Jamaica,https://media.api-sports.io/football/players/983.png,Aston Villa,Attacker,26,29,1151,1,2,19500000.0
1096,2024,D. Szoboszlai,Dominik,Szoboszlai,Hungary,https://media.api-sports.io/football/players/1096.png,Liverpool,Midfielder,23,36,2495,6,6,35100000.0
1098,2024,P. Daka,Patson,Daka,Zambia,https://media.api-sports.io/football/players/1098.png,Leicester,Attacker,25,23,721,1,0,26400000.0
1100,2024,E. Haaland,Erling,Braut Haaland,Norway,https://media.api-sports.io/football/players/1100.png,Manchester City,Attacker,24,32,2741,22,3,95300000.0
1117,2024,K. Tierney,Kieran,Tierney,Scotland,https://media.api-sports.io/football/players/1117.png,Arsenal,Defender,27,13,250,1,0,19100000.0
1119,2024,K. Ajer,Kristoffer,Vassbakk Ajer,Norway,https://media.api-sports.io/football/players/1119.png,Brentford,Defender,26,26,1460,0,0,17300000.0
1125,2024,R. Christie,Ryan,Christie,Scotland,https://media.api-sports.io/football/players/1125.png,Bournemouth,Midfielder,29,29,2131,2,3,14900000.0
1135,2024,O. Édouard,Odsonne,Édouard,France,https://media.api-sports.io/football/players/1135.png,Crystal Palace / Leicester,Attacker,26,6,140,0,0,12600000.0
1145,2024,I. Konaté,Ibrahima,Konaté,France,https://media.api-sports.io/football/players/1145.png,Liverpool,Defender,25,32,2565,1,2,53400000.0
1150,2024,T. Adams,Tyler Shaan,Adams,USA,https://media.api-sports.io/football/players/1150.png,Bournemouth,Midfielder,25,29,1965,0,3,30700000.0
1161,2024,E. Smith Rowe,Emile,Smith Rowe,England,https://media.api-sports.io/football/players/1161.png,Fulham,Midfielder,24,34,2061,6,3,15700000.0
1165,2024,Matheus Cunha,Matheus Santos,Carneiro da Cunha,Brazil,https://media.api-sports.io/football/players/1165.png,Manchester United,Attacker,25,33,2600,15,6,72500000.0
1166,2024,T. Werner,Timo,Werner,Germany,https://media.api-sports.io/football/players/1166.png,Tottenham,Attacker,28,18,508,0,3,8000000.0
1231,2024,V. Coufal,Vladimír,Coufal,Czechia,https://media.api-sports.io/football/players/1231.png,West Ham,Defender,31,22,1062,0,0,4000000.0
1243,2024,T. Souček,Tomáš,Souček,Czechia,https://media.api-sports.io/football/players/1243.png,West Ham,Midfielder,29,35,2572,9,1,35300000.0
1422,2024,J. Doku,Jérémy Baffour,Doku,Belgium,https://media.api-sports.io/football/players/1422.png,Manchester City,Attacker,22,33,1532,3,6,22700000.0
1427,2024,A. Sambi Lokonga,Albert-Mboyo,Sambi Lokonga,Belgium,https://media.api-sports.io/football/players/1427.png,Arsenal,Midfielder,24,0,0,0,0,7000000.0
1438,2024,B. Leno,Bernd,Leno,Germany,https://media.api-sports.io/football/players/1438.png,Fulham,Goalkeeper,32,38,3420,0,1,5500000.0
1440,2024,R. Holding,Robert Samuel,Holding,England,https://media.api-sports.io/football/players/1440.png,Crystal Palace,Defender,28,0,0,0,0,4000000.0
1445,2024,K. Mavropanos,Konstantinos,Mavropanos,Greece,https://media.api-sports.io/football/players/1445.png,West Ham,Defender,26,33,2038,0,0,16400000.0
1452,2024,Mohamed Elneny,Mohamed Naser,Elsayed Elneny,Egypt,https://media.api-sports.io/football/players/1452.png,Arsenal,Midfielder,32,0,0,0,0,1700000.0
1455,2024,A. Iwobi,Alexander Chuka,Iwobi,Nigeria,https://media.api-sports.io/football/players/1455.png,Fulham,Attacker,28,38,2994,9,6,75200000.0
1460,2024,B. Saka,Bukayo Ayoyinka Temidayo,Saka,England,https://media.api-sports.io/football/players/1460.png,Arsenal,Attacker,22,25,1735,6,10,26900000.0
1463,2024,J. Willock,Joseph George,Willock,England,https://media.api-sports.io/football/players/1463.png,Newcastle,Midfielder,24,32,1075,0,2,6700000.0
1468,2024,E. Nketiah,Edward,Keddar Nketiah,England,https://media.api-sports.io/football/players/1468.png,Arsenal,Attacker,25,0,0,0,0,7700000.0
1469,2024,D. Welbeck,Daniel Nii,Tackie Mensah Welbeck,England,https://media.api-sports.io/football/players/1469.png,Brighton,Attacker,33,30,2122,10,4,23800000.0
1566,2024,Emerson Royal,Emerson Aparecido,Leite de Souza Júnior,Brazil,https://media.api-sports.io/football/players/1566.png,Tottenham,Defender,25,0,0,0,0,4400000.0
1578,2024,G. Lo Celso,Giovani,Lo Celso,Argentina,https://media.api-sports.io/football/players/1578.png,Tottenham,Midfielder,28,0,0,0,0,9000000.0
1590,2024,José Sá,José Pedro,Malheiro de Sá,Portugal,https://media.api-sports.io/football/players/1590.png,Wolves,Goalkeeper,31,29,2609,0,0,3400000.0
1600,2024,K. Tsimikas,Konstantinos,Tsimikas,Greece,https://media.api-sports.io/football/players/1600.png,Liverpool,Defender,28,18,834,0,1,9100000.0
1605,2024,Daniel Podence,Daniel,Castelo Podence,Portugal,https://media.api-sports.io/football/players/1605.png,Wolves,Attacker,28,2,46,0,0,7700000.0
1646,2024,Lucas Paquetá,Lucas,Tolentino Coelho de Lima,Brazil,https://media.api-sports.io/football/players/1646.png,West Ham,Midfielder,26,33,2384,4,0,37700000.0
1736,2024,W. Foderingham,Wesley Andrew,Foderingham,England,https://media.api-sports.io/football/players/1736.png,West Ham,Goalkeeper,33,0,0,0,0,1700000.0
1746,2024,J. Worrall,Joseph Adrian,Worrall,England,https://media.api-sports.io/football/players/1746.png,Nottingham Forest,Defender,27,0,0,0,0,5100000.0
1835,2024,T. Strakosha,Thomas,Strakosha,Albania,https://media.api-sports.io/football/players/1835.png,Brentford,Goalkeeper,29,0,0,0,0,2700000.0
1864,2024,Pedro Neto,Pedro,Lomba Neto,Portugal,https://media.api-sports.io/football/players/1864.png,Wolves,Attacker,24,0,0,0,6,6300000.0
1902,2024,D. Ćaleta-Car,Duje,Ćaleta-Car,Croatia,https://media.api-sports.io/football/players/1902.png,Southampton,Defender,27,0,0,0,0,2100000.0
1904,2024,B. Kamara,Boubacar Bernard,Kamara,France,https://media.api-sports.io/football/players/1904.png,Aston Villa,Midfielder,24,27,1735,1,0,8900000.0
1934,2024,S. Berge,Sander Gard,Bolin Berge,Norway,https://media.api-sports.io/football/players/1934.png,Fulham,Midfielder,26,31,2232,0,0,22300000.0
1946,2024,L. Trossard,Leandro,Trossard,Belgium,https://media.api-sports.io/football/players/1946.png,Arsenal,Attacker,29,38,2551,8,7,38600000.0
1972,2024,L. Karius,Loris Sven,Karius,Germany,https://media.api-sports.io/football/players/1972.png,Newcastle,Goalkeeper,31,0,0,0,0,1700000.0
2032,2024,J. Strand Larsen,Jørgen,Strand Larsen,Norway,https://media.api-sports.io/football/players/2032.png,Wolves,Attacker,24,35,2601,14,4,58700000.0
2056,2024,Pablo Sarabia,Pablo,Sarabia García,Spain,https://media.api-sports.io/football/players/2056.png,Wolves,Attacker,32,23,819,3,2,9800000.0
2061,2024,Bryan Gil,Bryan,Gil Salvatierra,Spain,https://media.api-sports.io/football/players/2061.png,Tottenham,Attacker,23,0,0,0,0,8400000.0
2165,2024,V. Mykolenko,Vitalii,Mykolenko,Ukraine,https://media.api-sports.io/football/players/2165.png,Everton,Defender,25,35,3084,1,2,12500000.0
2218,2024,I. Sarr,Ismaïla,Sarr,Senegal,https://media.api-sports.io/football/players/2218.png,Crystal Palace,Attacker,26,38,2719,8,6,41200000.0
2273,2024,Kepa,Kepa,Arrizabalaga Revuelta,Spain,https://media.api-sports.io/football/players/2273.png,Bournemouth,Goalkeeper,29,31,2790,0,0,5700000.0
2284,2024,Emerson,Emerson,Palmieri dos Santos,Italy,https://media.api-sports.io/football/players/2284.png,West Ham,Defender,29,35,2132,2,1,13900000.0
2287,2024,R. Barkley,Ross,Barkley,England,https://media.api-sports.io/football/players/2287.png,Aston Villa,Midfielder,30,20,566,3,1,13700000.0
2289,2024,Jorginho,Jorge Luiz,Frello Filho,Italy,https://media.api-sports.io/football/players/2289.png,Arsenal,Midfielder,32,15,705,0,0,6200000.0
2291,2024,M. Kovačić,Mateo,Kovačić,Croatia,https://media.api-sports.io/football/players/2291.png,Manchester City,Midfielder,30,33,2207,6,2,8600000.0
2294,2024,Willian,Willian,Borges da Silva,Brazil,https://media.api-sports.io/football/players/2294.png,Fulham,Attacker,35,0,0,0,0,1400000.0
2298,2024,C. Hudson-Odoi,Callum James,Hudson-Odoi,England,https://media.api-sports.io/football/players/2298.png,Nottingham Forest,Attacker,23,32,2218,5,2,17200000.0
2413,2024,Richarlison,Richarlison,de Andrade,Brazil,https://media.api-sports.io/football/players/2413.png,Tottenham,Attacker,27,17,514,4,1,12400000.0
2467,2024,Lisandro Martínez,Lisandro,Martínez,Argentina,https://media.api-sports.io/football/players/2467.png,Manchester United,Defender,26,22,1754,2,1,9800000.0
2468,2024,G. Montiel,Gonzalo Ariel,Montiel,Argentina,https://media.api-sports.io/football/players/2468.png,Nottingham Forest,Defender,27,0,0,0,0,9100000.0
2476,2024,G. Rodríguez,Guido,Rodríguez,Argentina,https://media.api-sports.io/football/players/2476.png,West Ham,Midfielder,30,36,1172,0,1,9100000.0
2489,2024,L. Díaz,Luis Fernando,Díaz Marulanda,Colombia,https://media.api-sports.io/football/players/2489.png,Liverpool,Attacker,27,36,2410,13,5,61900000.0
2490,2024,J. Lerma,Jefferson Andrés,Lerma Solís,Colombia,https://media.api-sports.io/football/players/2490.png,Crystal Palace,Midfielder,29,34,2290,0,1,19100000.0
2507,2024,M. Almirón,Miguel Ángel,Almirón Rejala,Paraguay,https://media.api-sports.io/football/players/2507.png,Newcastle,Midfielder,30,9,150,0,0,4800000.0
2597,2024,T. Tomiyasu,Takehiro,Tomiyasu,Japan,https://media.api-sports.io/football/players/2597.png,Arsenal,Defender,25,1,16,0,0,6200000.0
2601,2024,D. Kamada,Daichi,Kamada,Japan,https://media.api-sports.io/football/players/2601.png,Crystal Palace,Midfielder,27,35,1593,0,0,9100000.0
2678,2024,Diogo Jota,Diogo José,Teixeira da Silva,Portugal,https://media.api-sports.io/football/players/2678.png,Liverpool,Attacker,27,26,1194,6,3,26000000.0
2699,2024,S. Ghoddos,Sayed Saman,Ghoddos,Iran,https://media.api-sports.io/football/players/2699.png,Brentford,Attacker,30,0,0,0,0,5400000.0
2724,2024,L. Digne,Lucas,Digne,France,https://media.api-sports.io/football/players/2724.png,Aston Villa,Defender,31,38,2358,0,4,16400000.0
2726,2024,K. Zouma,Kurt Happy,Zouma,France,https://media.api-sports.io/football/players/2726.png,West Ham,Defender,29,0,0,0,0,7300000.0
2729,2024,J. Andersen,Joachim Christian,Andersen,Denmark,https://media.api-sports.io/football/players/2729.png,Crystal Palace / Fulham,Defender,28,30,2674,0,0,15200000.0
2731,2024,M. Jørgensen,Mathias,Jattah-Njie Jørgensen,Denmark,https://media.api-sports.io/football/players/2731.png,Brentford,Defender,34,0,0,0,0,7700000.0
2734,2024,P. Billing,Philip,Anyanwu Billing,Denmark,https://media.api-sports.io/football/players/2734.png,Bournemouth,Midfielder,28,10,177,0,0,7700000.0
2735,2024,P. Højbjerg,Pierre-Emile Kordt,Højbjerg,Denmark,https://media.api-sports.io/football/players/2735.png,Tottenham,Midfielder,28,0,0,0,0,5200000.0
2752,2024,M. Luongo,Massimo Corey,Luongo,Australia,https://media.api-sports.io/football/players/2752.png,Ipswich,Midfielder,31,11,195,0,0,10200000.0
2771,2024,O. Aina,Temitayo Olufisayo Olaoluwa,Aina,Nigeria,https://media.api-sports.io/football/players/2771.png,Nottingham Forest,Defender,27,35,3002,2,1,19300000.0
2778,2024,K. Ịheanachọ,Kelechi Promise,Ịheanachọ,Nigeria,https://media.api-sports.io/football/players/2778.png,Leicester,Attacker,27,0,0,0,0,8200000.0
2806,2024,F. Schär,Fabian Lukas,Schär,Switzerland,https://media.api-sports.io/football/players/2806.png,Newcastle,Defender,32,34,2937,4,0,11200000.0
2807,2024,R. Freuler,Remo Marco,Freuler,Switzerland,https://media.api-sports.io/football/players/2807.png,Nottingham Forest,Midfielder,32,0,0,0,0,3800000.0
2817,2024,N. Milenković,Nikola,Milenković,Serbia,https://media.api-sports.io/football/players/2817.png,Nottingham Forest,Defender,26,37,3330,5,2,22800000.0
2823,2024,S. Lukić,Saša,Lukić,Serbia,https://media.api-sports.io/football/players/2823.png,Fulham,Midfielder,27,30,2356,0,2,24000000.0
2855,2024,E. Krafth,Emil Henry Kristoffer,Krafth,Sweden,https://media.api-sports.io/football/players/2855.png,Newcastle,Defender,29,26,349,0,0,10100000.0
2864,2024,A. Isak,Alexander,Isak,Sweden,https://media.api-sports.io/football/players/2864.png,Newcastle,Attacker,24,34,2769,23,6,106700000.0
2869,2024,E. Álvarez,Edson Omar,Álvarez Velázquez,Mexico,https://media.api-sports.io/football/players/2869.png,West Ham,Midfielder,26,28,1783,0,1,16300000.0
2887,2024,R. Jiménez,Raúl Alonso,Jiménez Rodríguez,Mexico,https://media.api-sports.io/football/players/2887.png,Fulham,Attacker,33,38,2505,12,3,51600000.0
2910,2024,Hwang Ui-Jo,Ui-Jo,Hwang,Korea Republic,https://media.api-sports.io/football/players/2910.png,Nottingham Forest,Attacker,31,0,0,0,0,2500000.0
2919,2024,M. Sels,Matz Willy Els,Sels,Belgium,https://media.api-sports.io/football/players/2919.png,Nottingham Forest,Goalkeeper,32,38,3420,0,0,6800000.0
2920,2024,T. Castagne,Timothy,Castagne,Belgium,https://media.api-sports.io/football/players/2920.png,Fulham,Defender,28,33,1651,0,1,10000000.0
2922,2024,L. Dendoncker,Leander,Dendoncker,Belgium,https://media.api-sports.io/football/players/2922.png,Aston Villa,Midfielder,29,0,0,0,0,4500000.0
2925,2024,D. Praet,Dennis Pierre Jacques Albert,Praet,Belgium,https://media.api-sports.io/football/players/2925.png,Leicester,Midfielder,30,0,0,0,0,5400000.0
2926,2024,Y. Tielemans,Youri Marion A.,Tielemans,Belgium,https://media.api-sports.io/football/players/2926.png,Aston Villa,Midfielder,27,36,3032,3,7,35900000.0
2931,2024,T. Heaton,Thomas David,Heaton,England,https://media.api-sports.io/football/players/2931.png,Manchester United,Goalkeeper,38,0,0,0,0,600000.0
2932,2024,J. Pickford,Jordan Lee,Pickford,England,https://media.api-sports.io/football/players/2932.png,Everton,Goalkeeper,30,38,3420,0,1,8100000.0
2933,2024,B. Chilwell,Benjamin James,Chilwell,England,https://media.api-sports.io/football/players/2933.png,Crystal Palace,Defender,27,8,253,1,0,6300000.0
2934,2024,M. Keane,Michael Vincent,Keane,England,https://media.api-sports.io/football/players/2934.png,Everton,Defender,31,14,1046,3,0,7500000.0
2935,2024,H. Maguire,Jacob Harry,Maguire,England,https://media.api-sports.io/football/players/2935.png,Manchester United,Defender,31,30,1764,1,0,10500000.0
2936,2024,J. Tarkowski,James Alan,Tarkowski,England,https://media.api-sports.io/football/players/2936.png,Everton,Defender,31,33,2924,1,1,10200000.0
2937,2024,D. Rice,Declan,Rice,England,https://media.api-sports.io/football/players/2937.png,Arsenal,Midfielder,25,35,2833,4,7,27400000.0
2938,2024,J. Ward-Prowse,James Michael Edward,Ward-Prowse,England,https://media.api-sports.io/football/players/2938.png,West Ham / Nottingham Forest,Midfielder,29,10,415,0,2,16800000.0
2939,2024,C. Wilson,Callum Eddie Graham,Wilson,England,https://media.api-sports.io/football/players/2939.png,Newcastle,Attacker,32,18,368,0,0,11600000.0
2990,2024,I. Gueye,Idrissa Gana,Gueye,Senegal,https://media.api-sports.io/football/players/2990.png,Everton,Midfielder,34,37,3070,0,3,13900000.0
2991,2024,C. Kouyaté,Cheikhou,Kouyaté,Senegal,https://media.api-sports.io/football/players/2991.png,Nottingham Forest,Midfielder,34,0,0,0,0,2400000.0
2997,2024,Ł. Fabiański,Łukasz Marek,Fabiański,Poland,https://media.api-sports.io/football/players/2997.png,West Ham,Goalkeeper,39,14,1160,0,0,700000.0
2999,2024,J. Bednarek,Jan Kacper,Bednarek,Poland,https://media.api-sports.io/football/players/2999.png,Southampton,Defender,28,30,2535,2,0,15200000.0
3080,2024,M. Munetsi,Marshall Nyasha,Munetsi,Zimbabwe,https://media.api-sports.io/football/players/3080.png,Wolves,Midfielder,28,14,1079,2,1,27300000.0
3339,2024,C. Doucouré,Cheick Oumar,Doucouré,Mali,https://media.api-sports.io/football/players/3339.png,Crystal Palace,Midfielder,24,17,462,0,0,8600000.0
3428,2024,J. Ayew,Jordan Pierre,Ayew,Ghana,https://media.api-sports.io/football/players/3428.png,Crystal Palace / Leicester,Attacker,32,31,1662,5,0,18000000.0
6009,2024,J. Álvarez,Julián,Álvarez,Argentina,https://media.api-sports.io/football/players/6009.png,Manchester City,Attacker,24,0,0,0,0,11800000.0
6056,2024,N. Domínguez,Nicolás Martín,Domínguez,Argentina,https://media.api-sports.io/football/players/6056.png,Nottingham Forest,Midfielder,26,37,1970,0,1,26800000.0
6610,2024,M. Senesi,Marcos Nicolás,Senesi Barón,Argentina,https://media.api-sports.io/football/players/6610.png,Bournemouth,Defender,27,21,1118,0,0,13900000.0
6716,2024,A. Mac Allister,Alexis,Mac Allister,Argentina,https://media.api-sports.io/football/players/6716.png,Liverpool,Midfielder,25,35,2607,5,5,32900000.0
7029,2024,J. Gauci,Joe Anthony,Gauci,Australia,https://media.api-sports.io/football/players/7029.png,Aston Villa,Goalkeeper,24,0,0,0,0,2500000.0
7600,2024,Igor,Igor Júlio,dos Santos de Paulo,Brazil,https://media.api-sports.io/football/players/7600.png,Brighton,Defender,26,23,967,0,0,9400000.0
7722,2024,S. Kalajdzic,Saša,Kalajdžić,Austria,https://media.api-sports.io/football/players/7722.png,Wolves,Attacker,27,0,0,0,0,2800000.0
8500,2024,W. Endo,Wataru,Endo,Japan,https://media.api-sports.io/football/players/8500.png,Liverpool,Midfielder,31,20,257,0,0,5100000.0
8598,2024,T. Awoniyi,Taiwo Micheal,Awoniyi,Nigeria,https://media.api-sports.io/football/players/8598.png,Nottingham Forest,Attacker,26,33,477,1,0,5000000.0
8694,2024,W. Faes,Wout Felix Lina,Faes,Belgium,https://media.api-sports.io/football/players/8694.png,Leicester,Defender,26,34,2811,1,0,8600000.0
8794,2024,G. Hirst,George David Eric,Hirst,England,https://media.api-sports.io/football/players/8794.png,Ipswich,Attacker,25,26,649,3,1,15500000.0
9971,2024,Antony,Antony Matheus,dos Santos,Brazil,https://media.api-sports.io/football/players/9971.png,Manchester United,Attacker,24,8,133,0,0,13600000.0
10135,2024,Bruno Guimarães,Bruno,Guimarães Rodriguez Moura,Brazil,https://media.api-sports.io/football/players/10135.png,Newcastle,Midfielder,26,38,3282,5,6,24900000.0
10329,2024,João Pedro,João Pedro,Junqueira de Jesus,Brazil,https://media.api-sports.io/football/players/10329.png,Chelsea,Attacker,22,27,1953,10,6,21500000.0
10373,2024,Carlos Miguel,Carlos Miguel,dos Santos Pereira,Brazil,https://media.api-sports.io/football/players/10373.png,Nottingham Forest,Goalkeeper,25,0,0,0,0,5500000.0
13109,2024,S. Aluko,Omatsone Folarin,Aluko,Nigeria,https://media.api-sports.io/football/players/13109.png,Ipswich,Attacker,35,0,0,0,0,2300000.0
13736,2024,D. Muñoz,Daniel,Muñoz Mejía,Colombia,https://media.api-sports.io/football/players/13736.png,Crystal Palace,Defender,28,37,3233,4,5,44300000.0
14206,2024,B. Aguilera,Brandon,Aguilera Zamora,Costa Rica,https://media.api-sports.io/football/players/14206.png,Nottingham Forest,Midfielder,21,0,0,0,0,4200000.0
15745,2024,M. Roerslev,Mads,Roerslev Rasmussen,Denmark,https://media.api-sports.io/football/players/15745.png,Brentford,Defender,25,19,1096,0,2,12400000.0
15797,2024,J. Cajuste,Jens-Lys Michel,Cajuste,Sweden,https://media.api-sports.io/football/players/15797.png,Ipswich,Midfielder,24,30,1978,1,1,44100000.0
15799,2024,F. Onyeka,Ogochukwu Frank,Onyeka,Nigeria,https://media.api-sports.io/football/players/15799.png,Brentford,Midfielder,26,2,23,0,0,6800000.0
15812,2024,P. Onuachu,Ebere Paul,Onuachu,Nigeria,https://media.api-sports.io/football/players/15812.png,Southampton,Attacker,30,25,1067,4,1,10000000.0
15870,2024,M. Hermansen,Mads,Hermansen,Denmark,https://media.api-sports.io/football/players/15870.png,Leicester,Goalkeeper,24,27,2386,0,0,8800000.0
15884,2024,J. Lindstrøm,Jesper Grænge,Lindstrøm,Denmark,https://media.api-sports.io/football/players/15884.png,Everton,Midfielder,24,25,1241,0,1,11800000.0
15908,2024,M. Damsgaard,Mikkel,Krogh Damsgaard,Denmark,https://media.api-sports.io/football/players/15908.png,Brentford,Midfielder,24,38,2930,2,10,24100000.0
15911,2024,M. Kudus,Mohammed,Kudus,Ghana,https://media.api-sports.io/football/players/15911.png,West Ham,Midfielder,23,32,2604,5,3,19100000.0
17365,2024,H. Toffolo,Harry Stefano,Toffolo,England,https://media.api-sports.io/football/players/17365.png,Nottingham Forest,Defender,28,24,135,0,0,5000000.0
17579,2024,S. Szmodics,Samuel Joseph,Szmodics,Republic of Ireland,https://media.api-sports.io/football/players/17579.png,Ipswich,Attacker,28,22,1001,4,0,12200000.0
17597,2024,D. O&apos;Shea,Dara Joseph,O'Shea,Republic of Ireland,https://media.api-sports.io/football/players/17597.png,Ipswich,Defender,25,36,3123,0,2,21300000.0
17661,2024,J. Branthwaite,Jarrad Paul,Branthwaite,England,https://media.api-sports.io/football/players/17661.png,Everton,Defender,22,30,2510,0,1,17200000.0
17714,2024,L. Woolfenden,Luke Matthew,Woolfenden,England,https://media.api-sports.io/football/players/17714.png,Ipswich,Defender,25,15,1185,0,0,9400000.0
17736,2024,D. Iversen,Daniel,Lønne Iversen,Denmark,https://media.api-sports.io/football/players/17736.png,Leicester,Goalkeeper,27,0,0,0,0,3900000.0
17739,2024,G. Edmundson,Samuel George Alan,Edmundson,England,https://media.api-sports.io/football/players/17739.png,Ipswich,Defender,26,1,1,0,0,5900000.0
18146,2024,D. Ward,Daniel,Ward,Wales,https://media.api-sports.io/football/players/18146.png,Leicester,Goalkeeper,31,2,134,0,0,1900000.0
18397,2024,J. Taylor,Jack Henry Philip,Taylor,Republic of Ireland,https://media.api-sports.io/football/players/18397.png,Ipswich,Midfielder,26,33,846,1,0,6900000.0
18592,2024,I. Ndiaye,Iliman Cheikh,Baroy Ndiaye,Senegal,https://media.api-sports.io/football/players/18592.png,Everton,Attacker,24,33,2441,9,0,57600000.0
18737,2024,J. Ruddy,John Thomas Gordon,Ruddy,England,https://media.api-sports.io/football/players/18737.png,Newcastle,Goalkeeper,37,0,0,0,0,500000.0
18739,2024,W. Boly,Willy-Arnaud,Zobo Boly,Côte d'Ivoire,https://media.api-sports.io/football/players/18739.png,Nottingham Forest,Defender,33,6,146,0,0,2200000.0
18741,2024,C. Coady,Conor David,Coady,England,https://media.api-sports.io/football/players/18741.png,Leicester,Defender,31,22,1714,1,0,10100000.0
18742,2024,M. Doherty,Matthew James,Doherty,Republic of Ireland,https://media.api-sports.io/football/players/18742.png,Wolves,Defender,32,30,2113,2,1,10700000.0
18744,2024,M. Kilman,Maximilian William,Kilman,England,https://media.api-sports.io/football/players/18744.png,West Ham,Defender,27,38,3349,0,1,11300000.0
18746,2024,M. Gibbs-White,Morgan Anthony,Gibbs-White,England,https://media.api-sports.io/football/players/18746.png,Nottingham Forest,Midfielder,24,34,2822,7,8,48800000.0
18753,2024,Adama Traoré,Adama,Traoré Diarra,Spain,https://media.api-sports.io/football/players/18753.png,Fulham,Attacker,28,37,1794,2,7,22800000.0
18755,2024,João Virgínia,João Manuel,Neves Virgínia,Portugal,https://media.api-sports.io/football/players/18755.png,Everton,Goalkeeper,24,0,0,0,0,3500000.0
18758,2024,S. Coleman,Séamus,Coleman,Republic of Ireland,https://media.api-sports.io/football/players/18758.png,Everton,Defender,35,5,215,0,0,2500000.0
18765,2024,André Gomes,André Filipe,Tavares Gomes,Portugal,https://media.api-sports.io/football/players/18765.png,Everton,Midfielder,31,0,0,0,0,2600000.0
18766,2024,D. Calvert-Lewin,Dominic Nathaniel,Calvert-Lewin,England,https://media.api-sports.io/football/players/18766.png,Everton,Attacker,27,26,1629,3,1,22400000.0
18771,2024,Ricardo Pereira,Ricardo Domingos,Barbosa Pereira,Portugal,https://media.api-sports.io/football/players/18771.png,Leicester,Defender,30,10,392,0,0,5000000.0
18772,2024,J. Evans,Jonathan Grant,Evans,Northern Ireland,https://media.api-sports.io/football/players/18772.png,Manchester United,Defender,36,7,314,0,0,1500000.0
18777,2024,M. Albrighton,Marc Kevin,Albrighton,England,https://media.api-sports.io/football/players/18777.png,Leicester,Midfielder,34,0,0,0,0,2700000.0
18778,2024,H. Barnes,Harvey Lewis,Barnes,England,https://media.api-sports.io/football/players/18778.png,Newcastle,Midfielder,26,34,1766,9,4,65600000.0
18779,2024,H. Choudhury,Hamza,Dewan Choudhury,England,https://media.api-sports.io/football/players/18779.png,Leicester,Midfielder,26,4,130,0,0,17100000.0
18784,2024,J. Maddison,James Daniel,Maddison,England,https://media.api-sports.io/football/players/18784.png,Tottenham,Midfielder,27,31,1817,9,7,47500000.0
18786,2024,W. Ndidi,Onyinye Wilfred,Ndidi,Nigeria,https://media.api-sports.io/football/players/18786.png,Leicester,Midfielder,27,28,2336,0,5,19800000.0
18788,2024,J. Vardy,Jamie Richard,Vardy,England,https://media.api-sports.io/football/players/18788.png,Leicester,Attacker,37,35,2840,9,4,15900000.0
18805,2024,A. Doucouré,Abdoulaye,Doucouré,Mali,https://media.api-sports.io/football/players/18805.png,Everton,Midfielder,31,33,2577,3,2,10600000.0
18806,2024,W. Hughes,William James,Hughes,England,https://media.api-sports.io/football/players/18806.png,Crystal Palace,Midfielder,29,33,2118,0,3,20600000.0
18812,2024,Adrián,Adrián,San Miguel del Castillo,Spain,https://media.api-sports.io/football/players/18812.png,Liverpool,Goalkeeper,37,0,0,0,0,900000.0
18813,2024,A. Cresswell,Aaron William,Cresswell,England,https://media.api-sports.io/football/players/18813.png,West Ham,Defender,34,18,822,0,0,5300000.0
18814,2024,I. Diop,Issa Laye Lucas Jean,Diop,France,https://media.api-sports.io/football/players/18814.png,Fulham,Defender,27,30,1357,0,0,14100000.0
18815,2024,R. Fredericks,Ryan,Marlowe Fredericks,England,https://media.api-sports.io/football/players/18815.png,Bournemouth,Defender,31,0,0,0,0,5400000.0
18817,2024,A. Ogbonna,Angelo,Obinze Ogbonna,Italy,https://media.api-sports.io/football/players/18817.png,West Ham,Defender,36,0,0,0,0,1300000.0
18819,2024,M. Antonio,Michail Gregory,Antonio,Jamaica,https://media.api-sports.io/football/players/18819.png,West Ham,Attacker,34,14,844,1,1,7100000.0
18823,2024,B. Johnson,Benjamin Anthony,Johnson,England,https://media.api-sports.io/football/players/18823.png,Ipswich,Defender,24,32,1366,1,2,15000000.0
18836,2024,W. Hennessey,Wayne Robert,Hennessey,Wales,https://media.api-sports.io/football/players/18836.png,Nottingham Forest,Goalkeeper,37,0,0,0,0,800000.0
18843,2024,J. Schlupp,Jeffrey,Schlupp,Ghana,https://media.api-sports.io/football/players/18843.png,Crystal Palace,Midfielder,31,12,92,0,0,6700000.0
18844,2024,J. Tomkins,James Oliver Charles,Tomkins,England,https://media.api-sports.io/football/players/18844.png,Crystal Palace,Defender,35,0,0,0,0,2100000.0
18846,2024,A. Wan-Bissaka,Aaron,Wan-Bissaka,England,https://media.api-sports.io/football/players/18846.png,West Ham,Defender,26,36,3155,2,5,29700000.0
18847,2024,J. Ward,Joel Edward Philip,Ward,England,https://media.api-sports.io/football/players/18847.png,Crystal Palace,Defender,34,2,71,0,0,2000000.0
18853,2024,J. Riedewald,Jaïro Jocquim,Riedewald,Netherlands,https://media.api-sports.io/football/players/18853.png,Crystal Palace,Midfielder,27,0,0,0,0,3700000.0
18858,2024,A. Begović,Asmir,Begović,Bosnia and Herzegovina,https://media.api-sports.io/football/players/18858.png,Everton,Goalkeeper,37,0,0,0,0,900000.0
18860,2024,M. Travers,Mark,Travers,Republic of Ireland,https://media.api-sports.io/football/players/18860.png,Bournemouth,Goalkeeper,25,5,450,0,0,3500000.0
18861,2024,N. Aké,Nathan Benjamin,Aké,Netherlands,https://media.api-sports.io/football/players/18861.png,Manchester City,Defender,29,19,688,0,0,3900000.0
18862,2024,N. Clyne,Nathaniel Edwin,Clyne,England,https://media.api-sports.io/football/players/18862.png,Crystal Palace,Defender,33,13,479,0,0,3300000.0
18866,2024,C. Mepham,Christopher James,Mepham,Wales,https://media.api-sports.io/football/players/18866.png,Bournemouth,Defender,26,0,0,0,0,3500000.0
18869,2024,A. Smith,Adam James,Smith,England,https://media.api-sports.io/football/players/18869.png,Bournemouth,Defender,33,25,1597,0,0,6100000.0
18870,2024,D. Brooks,David Robert,Brooks,Wales,https://media.api-sports.io/football/players/18870.png,Bournemouth,Midfielder,27,29,949,2,0,17100000.0
18872,2024,L. Cook,Lewis John,Cook,England,https://media.api-sports.io/football/players/18872.png,Bournemouth,Midfielder,27,36,2978,1,3,19400000.0
18873,2024,R. Fraser,Ryan,Fraser,Scotland,https://media.api-sports.io/football/players/18873.png,Southampton,Midfielder,30,8,307,0,0,8200000.0
18883,2024,D. Solanke,Dominic Ayodele,Solanke-Mitchell,England,https://media.api-sports.io/football/players/18883.png,Tottenham,Attacker,26,27,2205,9,3,42900000.0
18886,2024,M. Dúbravka,Martin,Dúbravka,Slovakia,https://media.api-sports.io/football/players/18886.png,Newcastle,Goalkeeper,35,10,900,0,0,2900000.0
18892,2024,P. Dummett,Paul,Dummett,Wales,https://media.api-sports.io/football/players/18892.png,Newcastle,Defender,32,0,0,0,0,3700000.0
18894,2024,J. Lascelles,Jamaal,Lascelles,England,https://media.api-sports.io/football/players/18894.png,Newcastle,Defender,30,0,0,0,0,4800000.0
18899,2024,I. Hayden,Isaac Scott,Hayden,England,https://media.api-sports.io/football/players/18899.png,Newcastle,Midfielder,29,0,0,0,0,2100000.0
18901,2024,S. Longstaff,Sean David,Longstaff,England,https://media.api-sports.io/football/players/18901.png,Newcastle,Midfielder,26,25,785,0,0,9400000.0
18903,2024,M. Ritchie,Matthew Thomas,Ritchie,Scotland,https://media.api-sports.io/football/players/18903.png,Newcastle,Midfielder,34,0,0,0,0,1400000.0
18904,2024,J. Shelvey,Jonjo,Shelvey,England,https://media.api-sports.io/football/players/18904.png,Nottingham Forest,Midfielder,32,0,0,0,0,3000000.0
18911,2024,N. Pope,Nicholas David,Pope,England,https://media.api-sports.io/football/players/18911.png,Newcastle,Goalkeeper,32,31,2520,0,0,3800000.0
18917,2024,B. Mee,Benjamin Thomas,Mee,England,https://media.api-sports.io/football/players/18917.png,Brentford,Defender,34,7,179,0,0,3500000.0
18918,2024,C. Taylor,Charles James,Taylor,England,https://media.api-sports.io/football/players/18918.png,Southampton,Defender,30,8,351,0,0,7800000.0
18929,2024,D. McNeil,Dwight James Matthew,McNeil,England,https://media.api-sports.io/football/players/18929.png,Everton,Attacker,24,21,1376,4,6,33000000.0
18931,2024,C. Wood,Christopher Grant,Wood,New Zealand,https://media.api-sports.io/football/players/18931.png,Nottingham Forest,Attacker,32,36,2978,20,3,39600000.0
18932,2024,F. Forster,Fraser Gerard,Forster,England,https://media.api-sports.io/football/players/18932.png,Tottenham,Goalkeeper,36,7,630,0,0,2100000.0
18935,2024,A. McCarthy,Alex Simon,McCarthy,England,https://media.api-sports.io/football/players/18935.png,Southampton,Goalkeeper,34,5,450,0,0,1500000.0
18940,2024,J. Stephens,Jack,Stephens,England,https://media.api-sports.io/football/players/18940.png,Southampton,Defender,30,19,1393,1,0,6400000.0
18941,2024,M. Targett,Matthew Robert,Targett,England,https://media.api-sports.io/football/players/18941.png,Newcastle,Defender,28,18,20,0,0,7500000.0
18943,2024,J. Vestergaard,Jannik,Vestergaard,Denmark,https://media.api-sports.io/football/players/18943.png,Leicester,Defender,31,20,1395,0,0,5600000.0
18945,2024,S. Armstrong,Stuart,Armstrong,Scotland,https://media.api-sports.io/football/players/18945.png,Southampton,Midfielder,32,0,0,0,0,3300000.0
18947,2024,M. Lemina,Mario René Junior,Lemina,Gabon,https://media.api-sports.io/football/players/18947.png,Wolves,Midfielder,30,17,1363,1,3,13400000.0
18955,2024,D. Ings,Daniel William John,Ings,England,https://media.api-sports.io/football/players/18955.png,West Ham,Attacker,32,15,271,1,2,8000000.0
18959,2024,Robert Sánchez,Robert,Lynch Sánchez,Spain,https://media.api-sports.io/football/players/18959.png,Chelsea,Goalkeeper,26,32,2880,0,0,15100000.0
18960,2024,J. Steele,Jason Sean,Steele,England,https://media.api-sports.io/football/players/18960.png,Brighton,Goalkeeper,33,26,180,0,0,3500000.0
18961,2024,D. Burn,Daniel Johnson,Burn,England,https://media.api-sports.io/football/players/18961.png,Newcastle,Defender,32,37,3330,1,1,14700000.0
18963,2024,L. Dunk,Lewis Carl,Dunk,England,https://media.api-sports.io/football/players/18963.png,Brighton,Defender,32,25,2083,0,0,6400000.0
18968,2024,Y. Bissouma,Yves,Bissouma,Mali,https://media.api-sports.io/football/players/18968.png,Tottenham,Midfielder,27,28,1407,2,0,11400000.0
18973,2024,S. March,Solomon Benjamin,March,England,https://media.api-sports.io/football/players/18973.png,Brighton,Midfielder,30,13,168,0,0,8900000.0
19004,2024,B. De Cordova-Reid,Bobby Armani,De Cordova-Reid,Jamaica,https://media.api-sports.io/football/players/19004.png,Leicester,Attacker,31,23,740,1,2,9000000.0
19012,2024,M. Bettinelli,Marcus,Bettinelli,England,https://media.api-sports.io/football/players/19012.png,Chelsea,Goalkeeper,32,0,0,0,0,1200000.0
19016,2024,C. Chambers,Calum,Chambers,England,https://media.api-sports.io/football/players/19016.png,Aston Villa,Defender,29,0,0,0,0,5100000.0
19023,2024,T. Ream,Timothy Michael,Ream,USA,https://media.api-sports.io/football/players/19023.png,Fulham,Defender,36,0,0,0,0,800000.0
19025,2024,T. Cairney,Thomas,Cairney,Scotland,https://media.api-sports.io/football/players/19025.png,Fulham,Midfielder,33,35,632,2,0,6000000.0
19030,2024,M. O&apos;Riley,Matthew Sean,O'Riley,Denmark,https://media.api-sports.io/football/players/19030.png,Brighton,Midfielder,23,21,938,2,2,10100000.0
19032,2024,R. Sessegnon,Kouassi Ryan,Sessegnon,England,https://media.api-sports.io/football/players/19032.png,Fulham,Midfielder,24,16,578,4,2,31600000.0
19035,2024,H. Elliott,Harvey Daniel James,Elliott,England,https://media.api-sports.io/football/players/19035.png,Liverpool,Midfielder,21,18,356,1,2,6600000.0
19070,2024,M. Aarons,Maximillian James,Aarons,England,https://media.api-sports.io/football/players/19070.png,Bournemouth,Defender,24,14,85,0,0,13300000.0
19071,2024,E. Buendía,Emiliano,Buendía Stati,Argentina,https://media.api-sports.io/football/players/19071.png,Aston Villa,Midfielder,27,12,87,0,0,7700000.0
19073,2024,B. Godfrey,Benjamin Matthew,Godfrey,England,https://media.api-sports.io/football/players/19073.png,Ipswich,Defender,26,11,159,0,0,10700000.0
19088,2024,D. Henderson,Dean Bradley,Henderson,England,https://media.api-sports.io/football/players/19088.png,Crystal Palace,Goalkeeper,27,38,3420,0,0,11600000.0
19119,2024,L. Davis,Leif,Davis,England,https://media.api-sports.io/football/players/19119.png,Ipswich,Defender,24,33,2746,1,2,16200000.0
19128,2024,J. Harrison,Jack David,Harrison,England,https://media.api-sports.io/football/players/19128.png,Everton,Attacker,27,34,2084,1,0,28600000.0
19130,2024,K. Phillips,Kalvin Mark,Phillips,England,https://media.api-sports.io/football/players/19130.png,Ipswich,Midfielder,28,19,1239,0,0,18800000.0
19136,2024,J. Clarke,Jack Raymond,Clarke,England,https://media.api-sports.io/football/players/19136.png,Ipswich,Attacker,23,35,1186,0,4,19500000.0
19143,2024,S. Johnstone,Samuel Luke,Johnstone,England,https://media.api-sports.io/football/players/19143.png,Wolves,Goalkeeper,31,7,630,0,0,4700000.0
19145,2024,T. Adarabioyo,Abdul-Nasir Oluwatosin,Oluwadoyinsolami Adarabioyo,England,https://media.api-sports.io/football/players/19145.png,Chelsea,Defender,26,22,1403,1,1,10900000.0
19147,2024,C. Dawson,Craig,Dawson,England,https://media.api-sports.io/football/players/19147.png,Wolves,Defender,34,15,967,0,0,3900000.0
19150,2024,M. Holgate,Mason Anthony,Holgate,England,https://media.api-sports.io/football/players/19150.png,Everton,Defender,27,1,5,0,0,2600000.0
19152,2024,C. Townsend,Conor Stephen,Townsend,England,https://media.api-sports.io/football/players/19152.png,Ipswich,Defender,31,32,342,0,1,9200000.0
19163,2024,J. Murphy,Jacob Kai,Murphy,England,https://media.api-sports.io/football/players/19163.png,Newcastle,Midfielder,29,35,2379,8,11,49900000.0
19170,2024,M. Rogers,Morgan Elliot,Rogers,England,https://media.api-sports.io/football/players/19170.png,Aston Villa,Attacker,22,37,3129,8,10,58200000.0
19177,2024,K. Hause,Kortney Paul Duncan,Hause,England,https://media.api-sports.io/football/players/19177.png,Aston Villa,Defender,29,0,0,0,0,5000000.0
19179,2024,T. Mings,Tyrone Deon,Mings,England,https://media.api-sports.io/football/players/19179.png,Aston Villa,Defender,31,14,1121,0,0,5200000.0
19182,2024,A. Tuanzebe,Axel,Tuanzebe,England,https://media.api-sports.io/football/players/19182.png,Ipswich,Defender,26,22,1717,0,1,13500000.0
19187,2024,J. Grealish,Jack Peter,Grealish,England,https://media.api-sports.io/football/players/19187.png,Manchester City,Midfielder,28,32,735,1,1,6100000.0
19191,2024,J.  McGinn,John,McGinn,Scotland,https://media.api-sports.io/football/players/19191.png,Aston Villa,Midfielder,29,34,2247,1,4,15000000.0
19192,2024,J. Ramsey,Jacob Matthew,Ramsey,England,https://media.api-sports.io/football/players/19192.png,Newcastle,Midfielder,23,29,1628,1,3,13300000.0
19220,2024,M. Mount,Mason Tony,Mount,England,https://media.api-sports.io/football/players/19220.png,Manchester United,Midfielder,25,20,625,1,0,18400000.0
19221,2024,H. Wilson,Harry,Wilson,Wales,https://media.api-sports.io/football/players/19221.png,Fulham,Attacker,27,28,1163,6,1,54800000.0
19229,2024,D. Randolph,Darren Edward Andrew,Randolph,Republic of Ireland,https://media.api-sports.io/football/players/19229.png,Bournemouth,Goalkeeper,37,0,0,0,0,700000.0
19235,2024,D. Spence,Diop Tehuti,Djed-Hotep Spence,England,https://media.api-sports.io/football/players/19235.png,Tottenham,Defender,23,25,1788,1,2,30600000.0
19245,2024,M. Tavernier,Marcus Joseph,Tavernier,England,https://media.api-sports.io/football/players/19245.png,Bournemouth,Midfielder,25,29,1938,3,5,30200000.0
19248,2024,N. Wood-Gordon,Nathan Dean Joshua,Wood-Gordon,England,https://media.api-sports.io/football/players/19248.png,Southampton,Defender,22,11,774,0,0,9900000.0
19263,2024,L. Kelly,Lloyd Casius,Kelly,England,https://media.api-sports.io/football/players/19263.png,Newcastle,Defender,25,10,300,0,1,11000000.0
19265,2024,A. Webster,Adam Harry,Webster,England,https://media.api-sports.io/football/players/19265.png,Brighton,Defender,29,21,888,0,0,6500000.0
19281,2024,A. Semenyo,Antoine Serlom,Semenyo,Ghana,https://media.api-sports.io/football/players/19281.png,Bournemouth,Attacker,24,37,3209,11,5,48400000.0
19298,2024,M. Cash,Matthew Stuart,Cash,Poland,https://media.api-sports.io/football/players/19298.png,Aston Villa,Defender,26,29,2077,1,1,10400000.0
19305,2024,R. Yates,Ryan James,Yates,England,https://media.api-sports.io/football/players/19305.png,Nottingham Forest,Midfielder,26,35,1905,2,1,12100000.0
19312,2024,S. Benda,Steven-Andreas,Benda,Germany,https://media.api-sports.io/football/players/19312.png,Fulham,Goalkeeper,25,0,0,0,0,2700000.0
19321,2024,J. Rodon,Joseph Peter,Rodon,Wales,https://media.api-sports.io/football/players/19321.png,Tottenham,Defender,26,0,0,0,0,7200000.0
19340,2024,E. Balcombe,Ellery Ronald,Balcombe,England,https://media.api-sports.io/football/players/19340.png,Brentford,Goalkeeper,24,0,0,0,0,2700000.0
19341,2024,D. Bentley,Daniel Ian,Bentley,England,https://media.api-sports.io/football/players/19341.png,Wolves,Goalkeeper,31,18,180,0,0,2600000.0
19346,2024,R. Henry,Rico Antonio,Henry,England,https://media.api-sports.io/football/players/19346.png,Brentford,Defender,27,5,93,0,0,5800000.0
19354,2024,E. Konsa,Ezri,Konsa Ngoyo,England,https://media.api-sports.io/football/players/19354.png,Aston Villa,Defender,26,35,2937,2,0,24500000.0
19356,2024,E. Marcondes,Emiliano,Marcondes Camargo Hansen,Denmark,https://media.api-sports.io/football/players/19356.png,Bournemouth,Midfielder,29,0,0,0,0,4100000.0
19362,2024,J. Dasilva,Pelenda Joshua Tunga,Dasilva,England,https://media.api-sports.io/football/players/19362.png,Brentford,Midfielder,25,0,0,0,0,4900000.0
19364,2024,N. Maupay,Neal,Maupay,France,https://media.api-sports.io/football/players/19364.png,Everton,Attacker,27,0,0,0,0,11500000.0
19365,2024,C. Ogbene,Chiedozie,Ogbene,Republic of Ireland,https://media.api-sports.io/football/players/19365.png,Ipswich,Attacker,27,7,240,0,0,25600000.0
19366,2024,O. Watkins,Oliver George Arthur,Watkins,England,https://media.api-sports.io/football/players/19366.png,Aston Villa,Attacker,28,38,2610,16,8,72800000.0
19428,2024,J. Bowen,Jarrod,Bowen,England,https://media.api-sports.io/football/players/19428.png,West Ham,Attacker,27,34,2979,13,8,87600000.0
19465,2024,David Raya,David,Raya Martin,Spain,https://media.api-sports.io/football/players/19465.png,Arsenal,Goalkeeper,28,38,3420,0,0,11300000.0
19480,2024,H. Reed,Harrison James,Reed,England,https://media.api-sports.io/football/players/19480.png,Fulham,Midfielder,29,12,99,0,0,10900000.0
19482,2024,J. Rothwell,Joseph Matthew,Rothwell,England,https://media.api-sports.io/football/players/19482.png,Bournemouth,Midfielder,29,0,0,0,0,7500000.0
19484,2024,A. Armstrong,Adam James,Armstrong,England,https://media.api-sports.io/football/players/19484.png,Southampton,Attacker,27,20,1254,2,2,21600000.0
19485,2024,B. Brereton,Benjamin Anthony,Brereton Díaz,Chile,https://media.api-sports.io/football/players/19485.png,Southampton,Attacker,25,10,446,0,0,11900000.0
19495,2024,N. Collins,Nathan Michael,Collins,Republic of Ireland,https://media.api-sports.io/football/players/19495.png,Brentford,Defender,23,38,3420,2,3,14800000.0
19524,2024,C. Adams,Ché Zach Everton Fred,Adams,Scotland,https://media.api-sports.io/football/players/19524.png,Southampton,Attacker,28,0,0,0,0,5900000.0
19541,2024,C. Walton,Christian Timothy,Walton,England,https://media.api-sports.io/football/players/19541.png,Ipswich,Goalkeeper,28,7,630,0,0,3100000.0
19545,2024,R. James,Reece Lewis,James,England,https://media.api-sports.io/football/players/19545.png,Chelsea,Defender,24,19,1063,1,1,7100000.0
19549,2024,A. Robinson,Antonee,Robinson,USA,https://media.api-sports.io/football/players/19549.png,Fulham,Defender,26,36,3167,0,10,44100000.0
19558,2024,Sam Morsy,Samy Sayed,Morsy,Egypt,https://media.api-sports.io/football/players/19558.png,Ipswich,Midfielder,32,33,2755,1,1,23200000.0
19565,2024,J. Weir,Jensen Guy,Weir,England,https://media.api-sports.io/football/players/19565.png,Brighton,Midfielder,22,0,0,0,0,14300000.0
19573,2024,J. Lumley,Joseph Patrick,Lumley,England,https://media.api-sports.io/football/players/19573.png,Southampton,Goalkeeper,29,3,270,0,0,4200000.0
19586,2024,E. Eze,Eberechi Oluchi,Eze,England,https://media.api-sports.io/football/players/19586.png,Crystal Palace,Midfielder,26,34,2603,8,8,16900000.0
19587,2024,R. Manning,Ryan Phelim,Manning,Republic of Ireland,https://media.api-sports.io/football/players/19587.png,Southampton,Defender,28,24,1470,0,1,11000000.0
19599,2024,E. Martínez,Damián Emiliano,Martínez Romero,Argentina,https://media.api-sports.io/football/players/19599.png,Aston Villa,Goalkeeper,31,37,3196,0,0,8300000.0
19610,2024,O. Richards,Omar,Tyrell Crawford Richards,England,https://media.api-sports.io/football/players/19610.png,Nottingham Forest,Defender,26,0,0,0,0,5800000.0
19617,2024,M. Olise,Michael Akpovie,Olise,France,https://media.api-sports.io/football/players/19617.png,Crystal Palace,Midfielder,22,0,0,0,0,8200000.0
19657,2024,M. Rodák,Marek,Rodák,Slovakia,https://media.api-sports.io/football/players/19657.png,Fulham,Goalkeeper,27,0,0,0,0,3500000.0
19684,2024,R. Matthews,Remi Luke,Matthews,England,https://media.api-sports.io/football/players/19684.png,Crystal Palace,Goalkeeper,30,0,0,0,0,3500000.0
19719,2024,J. Bree,James Patrick,Bree,England,https://media.api-sports.io/football/players/19719.png,Southampton,Defender,26,17,1076,0,1,9100000.0
19720,2024,T. Chalobah,Trevoh Thomas,Chalobah,England,https://media.api-sports.io/football/players/19720.png,Crystal Palace,Defender,25,12,1063,3,1,18500000.0
19723,2024,I. El Mizouni,Idris,El Mizouni,Tunisia,https://media.api-sports.io/football/players/19723.png,Ipswich,Midfielder,23,0,0,0,0,4900000.0
19733,2024,F. Downes,Flynn,Downes,England,https://media.api-sports.io/football/players/19733.png,Southampton,Midfielder,25,27,2156,1,0,17400000.0
19738,2024,C. Ndaba,Corrie Richard,Ndaba,Republic of Ireland,https://media.api-sports.io/football/players/19738.png,Ipswich,Defender,24,0,0,0,0,3000000.0
19744,2024,K. Jackson,Kayden Pastel Dunn,Jackson,England,https://media.api-sports.io/football/players/19744.png,Ipswich,Attacker,30,0,0,0,0,7400000.0
19760,2024,J. Justin,James Michael,Justin,England,https://media.api-sports.io/football/players/19760.png,Leicester,Defender,26,36,2920,2,2,10400000.0
19789,2024,E. Pinnock,Ethan Rupert,Pinnock,Jamaica,https://media.api-sports.io/football/players/19789.png,Brentford,Defender,31,31,1913,2,0,18100000.0
19804,2024,K. Moore,Kieffer Roberto Francisco,Moore,Wales,https://media.api-sports.io/football/players/19804.png,Bournemouth,Attacker,31,0,0,0,0,4400000.0
19825,2024,J. Aribo,Joseph Oluwaseyi Temitope,Ayodele-Aribo,Nigeria,https://media.api-sports.io/football/players/19825.png,Southampton,Midfielder,28,32,2014,3,0,14400000.0
19959,2024,B. White,Benjamin William,White,England,https://media.api-sports.io/football/players/19959.png,Arsenal,Defender,26,20,1213,0,2,4800000.0
19974,2024,I. Toney,Ivan Benjamin Elijah,Toney,England,https://media.api-sports.io/football/players/19974.png,Brentford,Attacker,28,0,0,0,0,4000000.0
20007,2024,C. Chaplin,Conor Mark,Chaplin,England,https://media.api-sports.io/football/players/20007.png,Ipswich,Attacker,27,28,869,1,1,19300000.0
20031,2024,M. Harness,Marcus Anthony,Myers-Harness,England,https://media.api-sports.io/football/players/20031.png,Ipswich,Midfielder,28,2,43,0,0,4900000.0
20069,2024,B. Crellin,William Francis,Crellin,England,https://media.api-sports.io/football/players/20069.png,Everton,Goalkeeper,24,0,0,0,0,3600000.0
20079,2024,H. Souttar,Harry James,Souttar,Australia,https://media.api-sports.io/football/players/20079.png,Leicester,Defender,25,0,0,0,0,4300000.0
20089,2024,W. Burns,Wesley James,Burns,Wales,https://media.api-sports.io/football/players/20089.png,Ipswich,Attacker,29,21,933,0,1,18300000.0
20093,2024,J. Hill,James Clayton,Hill,England,https://media.api-sports.io/football/players/20093.png,Bournemouth,Defender,22,10,448,0,1,7800000.0
20110,2024,S. Baptiste,Shandon Harkeem,Baptiste,Grenada,https://media.api-sports.io/football/players/20110.png,Brentford,Midfielder,26,0,0,0,0,4700000.0
20167,2024,J. Donacien,Janoi Denzil Naieme,Donacien,St. Lucia,https://media.api-sports.io/football/players/20167.png,Ipswich,Defender,30,0,0,0,0,4300000.0
20224,2024,A. Lonergan,Andrew Michael,Lonergan,England,https://media.api-sports.io/football/players/20224.png,Everton,Goalkeeper,40,0,0,0,0,200000.0
20355,2024,A. Ramsdale,Aaron Christopher,Ramsdale,England,https://media.api-sports.io/football/players/20355.png,Southampton,Goalkeeper,26,30,2700,0,0,14600000.0
20415,2024,F. Ladapo,Olayinka Fredrick Oladotun,Ladapo,England,https://media.api-sports.io/football/players/20415.png,Ipswich,Attacker,31,0,0,0,0,4600000.0
20457,2024,C. Burgess,Cameron Robert,Burgess,Australia,https://media.api-sports.io/football/players/20457.png,Ipswich,Defender,28,23,1540,0,2,6100000.0
20503,2024,L. O&apos;Brien,Lewis John,O'Brien,England,https://media.api-sports.io/football/players/20503.png,Nottingham Forest,Midfielder,25,0,0,0,0,6700000.0
20589,2024,B. Mbeumo,Bryan Tetsadong Marceau,Mbeumo,Cameroon,https://media.api-sports.io/football/players/20589.png,Brentford,Attacker,24,38,3417,20,7,108600000.0
20649,2024,Y. Wissa,Yoane,Wissa,Congo DR,https://media.api-sports.io/football/players/20649.png,Brentford,Attacker,27,35,2929,19,4,64200000.0
20665,2024,J. Bellegarde,Jean-Ricner,Bellegarde,France,https://media.api-sports.io/football/players/20665.png,Wolves,Midfielder,26,37,1706,2,7,31000000.0
20995,2024,M. Lacroix,Maxence Guy,Lacroix,France,https://media.api-sports.io/football/players/20995.png,Crystal Palace,Defender,24,35,3118,1,1,21700000.0
21138,2024,R. Aït-Nouri,Rayan,Aït-Nouri,Algeria,https://media.api-sports.io/football/players/21138.png,Wolves,Defender,23,37,3129,4,7,29600000.0
21694,2024,N. Aguerd,Nayef,Aguerd,Morocco,https://media.api-sports.io/football/players/21694.png,West Ham,Defender,28,0,0,0,0,4400000.0
21998,2024,A. Disasi,Axel Wilson Arthur,Disasi Mhakinis Belho,France,https://media.api-sports.io/football/players/21998.png,Aston Villa,Defender,26,7,488,0,0,10600000.0
22090,2024,W. Saliba,William Alain André Gabriel,Saliba,France,https://media.api-sports.io/football/players/22090.png,Arsenal,Defender,23,35,3042,2,0,29500000.0
22094,2024,W. Fofana,Wesley Tidjan,Fofana,France,https://media.api-sports.io/football/players/22094.png,Chelsea,Defender,23,15,1176,0,0,14300000.0
22149,2024,I. Sangaré,Ibrahim,Sangaré,Côte d'Ivoire,https://media.api-sports.io/football/players/22149.png,Nottingham Forest,Midfielder,26,18,597,0,1,17200000.0
22166,2024,M. Sarr,Malang Mamadou William Georges,Sarr,France,https://media.api-sports.io/football/players/22166.png,Chelsea,Defender,25,0,0,0,0,6500000.0
22224,2024,Gabriel Magalhães,Gabriel,dos Santos Magalhães,Brazil,https://media.api-sports.io/football/players/22224.png,Arsenal,Defender,26,28,2366,3,1,18100000.0
22233,2024,B. Soumaré,Boubakary,Soumaré,France,https://media.api-sports.io/football/players/22233.png,Leicester,Midfielder,25,31,2171,0,0,20200000.0
24882,2024,O. Mangala,Orel Johnson,Mangala,Belgium,https://media.api-sports.io/football/players/24882.png,Everton,Midfielder,26,19,1262,1,0,17200000.0
24888,2024,Hwang Hee-Chan,Hee-Chan,Hwang,Korea Republic,https://media.api-sports.io/football/players/24888.png,Wolves,Attacker,28,21,650,2,0,6100000.0
25004,2024,S. Ortega,Stefan,Ortega Moreno,Germany,https://media.api-sports.io/football/players/25004.png,Manchester City,Goalkeeper,31,38,1099,0,0,2300000.0
25061,2024,A. Bella-Kotchap,Armel,Bella-Kotchap,Germany,https://media.api-sports.io/football/players/25061.png,Southampton,Defender,22,12,329,0,0,4100000.0
25073,2024,V. Janelt,Vitaly,Janelt,Germany,https://media.api-sports.io/football/players/25073.png,Brentford,Midfielder,26,32,2287,1,3,18500000.0
25287,2024,K. Danso,Kevin,Danso,Austria,https://media.api-sports.io/football/players/25287.png,Tottenham,Defender,25,10,842,0,0,9000000.0
25391,2024,N. Füllkrug,Niclas,Füllkrug,Germany,https://media.api-sports.io/football/players/25391.png,West Ham,Attacker,31,18,785,3,2,4800000.0
25916,2024,M. Niakhaté,Moussa,Niakhaté,Senegal,https://media.api-sports.io/football/players/25916.png,Nottingham Forest,Defender,28,0,0,0,0,3300000.0
25927,2024,J. Mateta,Jean-Philippe,Mateta,France,https://media.api-sports.io/football/players/25927.png,Crystal Palace,Attacker,27,37,2658,14,2,32400000.0
26232,2024,M. Flekken,Mark,Flekken,Netherlands,https://media.api-sports.io/football/players/26232.png,Brentford,Goalkeeper,31,37,3276,0,2,13600000.0
26475,2024,D. Undav,Deniz,Undav,Germany,https://media.api-sports.io/football/players/26475.png,Brighton,Attacker,28,0,0,0,0,11500000.0
30407,2024,C. Nørgaard,Christian,Thers Nørgaard,Denmark,https://media.api-sports.io/football/players/30407.png,Brentford,Midfielder,30,34,2829,5,4,16200000.0
30410,2024,F. Chiesa,Federico,Chiesa,Italy,https://media.api-sports.io/football/players/30410.png,Liverpool,Attacker,26,6,104,0,0,8600000.0
30427,2024,C. Okoli,Memeh Caleb,Okoli,Italy,https://media.api-sports.io/football/players/30427.png,Leicester,Defender,23,19,1122,1,0,4600000.0
30435,2024,D. Kulusevski,Dejan,Kulusevski,Sweden,https://media.api-sports.io/football/players/30435.png,Tottenham,Midfielder,24,32,2390,7,4,17800000.0
30476,2024,Lyanco,Lyanco Evangelista,Silveira Neves Vojnović,Brazil,https://media.api-sports.io/football/players/30476.png,Southampton,Defender,27,0,0,0,0,4500000.0
30765,2024,I. Radu,Ionuț Andrei,Radu,Romania,https://media.api-sports.io/football/players/30765.png,Bournemouth,Goalkeeper,27,0,0,0,0,1400000.0
30776,2024,C. Romero,Cristian Gabriel,Romero,Argentina,https://media.api-sports.io/football/players/30776.png,Tottenham,Defender,26,18,1421,1,0,8600000.0
31057,2024,H. Traorè,Hamed Junior,Traorè,Côte d'Ivoire,https://media.api-sports.io/football/players/31057.png,Bournemouth,Midfielder,24,0,0,0,0,4800000.0
31146,2024,S. Tonali,Sandro,Tonali,Italy,https://media.api-sports.io/football/players/31146.png,Newcastle,Midfielder,24,36,2631,4,2,13800000.0
31354,2024,G. Vicario,Guglielmo,Vicario,Italy,https://media.api-sports.io/football/players/31354.png,Tottenham,Goalkeeper,27,26,2160,0,0,7300000.0
32887,2024,Y. Sugawara,Yukinari,Sugawara,Japan,https://media.api-sports.io/football/players/32887.png,Southampton,Defender,24,35,1564,1,1,16500000.0
36922,2024,S. van den Berg,Sepp,van den Berg,Netherlands,https://media.api-sports.io/football/players/36922.png,Brentford,Defender,22,31,2588,0,0,9800000.0
37127,2024,M. Ødegaard,Martin,Ødegaard,Norway,https://media.api-sports.io/football/players/37127.png,Arsenal,Midfielder,25,30,2331,3,8,26100000.0
37145,2024,T. Malacia,Tyrell Johannes Chicco,Malacia,Netherlands,https://media.api-sports.io/football/players/37145.png,Manchester United,Defender,24,3,101,0,0,9100000.0
37161,2024,L. Sinisterra,Luis Fernando,Sinisterra Lucumí,Colombia,https://media.api-sports.io/football/players/37161.png,Bournemouth,Attacker,25,12,229,1,1,10200000.0
37276,2024,K. Scherpen,Kjell,Scherpen,Netherlands,https://media.api-sports.io/football/players/37276.png,Brighton,Goalkeeper,24,0,0,0,0,6000000.0
37724,2024,C. Summerville,Crysencio Jilbert Sylverio Cir,Summerville,Netherlands,https://media.api-sports.io/football/players/37724.png,West Ham,Attacker,22,19,779,1,1,16900000.0
38695,2024,J. van Hecke,Jan Paul,van Hecke,Netherlands,https://media.api-sports.io/football/players/38695.png,Brighton,Defender,24,34,2961,1,1,10500000.0
38734,2024,S. Botman,Sven Adriaan,Botman,Netherlands,https://media.api-sports.io/football/players/38734.png,Newcastle,Defender,24,10,418,0,0,6500000.0
38746,2024,J. Timber,Jurriën David Norman,Timber,Netherlands,https://media.api-sports.io/football/players/38746.png,Arsenal,Defender,23,30,2423,1,3,14800000.0
40165,2024,M. Lis,Mateusz,Lis,Poland,https://media.api-sports.io/football/players/40165.png,Southampton,Goalkeeper,27,0,0,0,0,4200000.0
40911,2024,J. Moder,Jakub Piotr,Moder,Poland,https://media.api-sports.io/football/players/40911.png,Brighton,Midfielder,25,4,7,0,0,6800000.0
41104,2024,João Palhinha,João Maria,Lobo Alves Palhinha Gonçalves,Portugal,https://media.api-sports.io/football/players/41104.png,Fulham,Midfielder,29,0,0,0,0,8300000.0
41577,2024,Nuno Tavares,Nuno Albertino,Varela Tavares,Portugal,https://media.api-sports.io/football/players/41577.png,Arsenal,Defender,24,0,0,0,0,7100000.0
41606,2024,Toti Gomes,Tote António,Gomes,Portugal,https://media.api-sports.io/football/players/41606.png,Wolves,Defender,25,31,2616,0,1,24000000.0
41725,2024,Fábio Vieira,Fábio Daniel,Ferreira Vieira,Portugal,https://media.api-sports.io/football/players/41725.png,Arsenal,Midfielder,24,0,0,0,0,4800000.0
44803,2024,D. Ball,Dominic Martin,Ball,England,https://media.api-sports.io/football/players/44803.png,Ipswich,Midfielder,28,0,0,0,0,10500000.0
44871,2024,A. Hickey,Aaron,Buchanan Hickey,Scotland,https://media.api-sports.io/football/players/44871.png,Brentford,Defender,22,0,0,0,0,7000000.0
44912,2024,M. Gillespie,Mark Joseph,Gillespie,England,https://media.api-sports.io/football/players/44912.png,Newcastle,Goalkeeper,32,0,0,0,0,1200000.0
44994,2024,V. Hladký,Václav,Hladký,Czechia,https://media.api-sports.io/football/players/44994.png,Ipswich,Goalkeeper,33,0,0,0,0,1200000.0
45078,2024,R. Stewart,Ross Cameron,Stewart,Scotland,https://media.api-sports.io/football/players/45078.png,Southampton,Attacker,28,12,385,1,0,17500000.0
46815,2024,Pau Torres,Pau,Francisco Torres,Spain,https://media.api-sports.io/football/players/46815.png,Aston Villa,Defender,27,28,2020,0,0,5600000.0
47311,2024,Mikel Merino,Mikel,Merino Zazón,Spain,https://media.api-sports.io/football/players/47311.png,Arsenal,Midfielder,28,28,1581,7,2,12000000.0
47380,2024,Marc Cucurella,Marc,Cucurella Saseta,Spain,https://media.api-sports.io/football/players/47380.png,Chelsea,Defender,26,36,2990,5,1,22300000.0
47438,2024,M. Jensen,Mathias,Jensen,Denmark,https://media.api-sports.io/football/players/47438.png,Brentford,Midfielder,28,24,853,0,2,12100000.0
47499,2024,E. Ünal,Enes,Ünal,Türkiye,https://media.api-sports.io/football/players/47499.png,Bournemouth,Attacker,27,17,345,2,1,8600000.0
47519,2024,Pedro Porro,Pedro Antonio,Porro Sauceda,Spain,https://media.api-sports.io/football/players/47519.png,Tottenham,Defender,24,33,2622,2,6,14200000.0
47522,2024,Douglas Luiz,Douglas Luiz,Soares de Paulo,Brazil,https://media.api-sports.io/football/players/47522.png,Aston Villa,Midfielder,26,0,0,0,0,4000000.0
47547,2024,Álex Moreno,Alexandre,Moreno Lopera,Spain,https://media.api-sports.io/football/players/47547.png,Nottingham Forest,Defender,31,15,959,0,1,4200000.0
50999,2024,M. Turner,Matthew Charles,Turner,USA,https://media.api-sports.io/football/players/50999.png,Crystal Palace,Goalkeeper,30,0,0,0,0,1900000.0
51051,2024,J. Araujo,Julián Vicente,Araujo Zúñiga,Mexico,https://media.api-sports.io/football/players/51051.png,Bournemouth,Defender,22,19,516,0,0,22300000.0
51617,2024,D. Núñez,Darwin Gabriel,Núñez Ribeiro,Uruguay,https://media.api-sports.io/football/players/51617.png,Liverpool,Attacker,25,30,1137,5,2,21400000.0
61431,2024,J. Kiwior,Jakub Piotr,Kiwior,Poland,https://media.api-sports.io/football/players/61431.png,Arsenal,Defender,24,17,1132,1,0,12700000.0
61742,2024,H. Valdimarsson,Hákon,Rafn Valdimarsson,Iceland,https://media.api-sports.io/football/players/61742.png,Brentford,Goalkeeper,22,2,144,0,0,2200000.0
63577,2024,M. Mudryk,Mykhailo,Mudryk,Ukraine,https://media.api-sports.io/football/players/63577.png,Chelsea,Midfielder,23,12,158,0,0,8400000.0
64167,2024,G. Słonina,Gabriel Paweł,Słonina,USA,https://media.api-sports.io/football/players/64167.png,Chelsea,Goalkeeper,20,0,0,0,0,1200000.0
64304,2024,K. Kozłowski,Kacper Szymon,Kozłowski,Poland,https://media.api-sports.io/football/players/64304.png,Brighton,Midfielder,20,0,0,0,0,2900000.0
67943,2024,Morato,Felipe,Rodrigues da Silva,Brazil,https://media.api-sports.io/football/players/67943.png,Nottingham Forest,Defender,23,26,922,0,0,4900000.0
67971,2024,M. Guéhi,Addji Keaninkin Marc-Israel,Guéhi,England,https://media.api-sports.io/football/players/67971.png,Crystal Palace,Defender,24,34,3060,3,2,16600000.0
68466,2024,A. Irving,Andrew,Irving,Scotland,https://media.api-sports.io/football/players/68466.png,West Ham,Midfielder,24,10,160,0,0,5500000.0
70100,2024,J. Zirkzee,Joshua Orobosa,Zirkzee,Netherlands,https://media.api-sports.io/football/players/70100.png,Manchester United,Attacker,23,32,1406,3,1,10300000.0
70747,2024,J. Enciso,Julio César,Enciso Espínola,Paraguay,https://media.api-sports.io/football/players/70747.png,Brighton / Ipswich,Midfielder,20,25,1164,2,0,15600000.0
81573,2024,Omar Marmoush,Omar Khaled Mohamed Abd Elsala,Marmoush,Egypt,https://media.api-sports.io/football/players/81573.png,Manchester City,Attacker,25,16,1190,7,0,18500000.0
82097,2024,A. Palmer,Alexander,Palmer,England,https://media.api-sports.io/football/players/82097.png,Ipswich,Goalkeeper,27,13,1170,0,0,10300000.0
82855,2024,T. King,Thomas Lloyd,King,Wales,https://media.api-sports.io/football/players/82855.png,Everton,Goalkeeper,29,3,1,0,0,3600000.0
83029,2024,J. Bowler,Joshua Luke,Bowler,England,https://media.api-sports.io/football/players/83029.png,Nottingham Forest,Midfielder,25,0,0,0,0,11900000.0
84082,2024,R. Faivre,Romain,Faivre,France,https://media.api-sports.io/football/players/84082.png,Bournemouth,Midfielder,26,0,0,0,0,6000000.0
84088,2024,J. Panzo,Jonathan William,Panzo,England,https://media.api-sports.io/football/players/84088.png,Nottingham Forest,Defender,23,0,0,0,0,7400000.0
90590,2024,G. Rutter,Georginio,Rutter,France,https://media.api-sports.io/football/players/90590.png,Brighton,Attacker,22,28,1672,5,3,31300000.0
92993,2024,M. Wieffer,Mats,Wieffer,Netherlands,https://media.api-sports.io/football/players/92993.png,Brighton,Midfielder,24,28,1045,1,3,8200000.0
94360,2024,A. Paulsen,Alexander Noah,Paulsen,New Zealand,https://media.api-sports.io/football/players/94360.png,Bournemouth,Goalkeeper,22,0,0,0,0,2500000.0
105971,2024,G. Bazunu,Gavin Okeroghene,Bazunu,Republic of Ireland,https://media.api-sports.io/football/players/105971.png,Southampton,Goalkeeper,22,0,0,0,0,2100000.0
106725,2024,K. Lewis-Potter,Keane William,Lewis-Potter,England,https://media.api-sports.io/football/players/106725.png,Brentford,Attacker,23,38,3102,1,3,25700000.0
106835,2024,K. Mitoma,Kaoru,Mitoma,Japan,https://media.api-sports.io/football/players/106835.png,Brighton,Midfielder,27,36,2610,10,4,21700000.0
116117,2024,M. Caicedo,Moisés Isaac,Caicedo Corozo,Ecuador,https://media.api-sports.io/football/players/116117.png,Chelsea,Midfielder,22,38,3356,1,2,17900000.0
118307,2024,Đ. Petrović,Đorđe,Petrović,Serbia,https://media.api-sports.io/football/players/118307.png,Chelsea,Goalkeeper,24,0,0,0,0,2300000.0
125743,2024,Beto,Norberto Bercique,Gomes Betuncal,Portugal,https://media.api-sports.io/football/players/125743.png,Everton,Attacker,26,30,1541,8,0,27600000.0
126690,2024,K. Bowie,Kieran,Bowie,Scotland,https://media.api-sports.io/football/players/126690.png,Fulham,Attacker,21,0,0,0,0,4900000.0
126791,2024,N. Broadhead,Nathan Paul,Broadhead,Wales,https://media.api-sports.io/football/players/126791.png,Ipswich,Attacker,26,25,697,2,0,11100000.0
126949,2024,C. Richards,Christopher Jeffrey,Richards,USA,https://media.api-sports.io/football/players/126949.png,Crystal Palace,Defender,24,29,1925,1,0,9500000.0
127472,2024,N. Phillips,Nathaniel Harry,Phillips,England,https://media.api-sports.io/football/players/127472.png,Liverpool,Defender,27,0,0,0,0,5600000.0
127579,2024,J. Greaves,Jacob,Greaves,England,https://media.api-sports.io/football/players/127579.png,Ipswich,Defender,23,27,2205,1,0,19000000.0
127605,2024,N. Ferguson,Nathan Kirk-Patrick,Ferguson,England,https://media.api-sports.io/football/players/127605.png,Crystal Palace,Defender,23,0,0,0,0,6700000.0
127769,2024,Gabriel Martinelli,Gabriel Teodoro,Martinelli Silva,Brazil,https://media.api-sports.io/football/players/127769.png,Arsenal,Attacker,23,33,2298,8,4,29000000.0
128338,2024,W. Coulibaly,Woyo,Coulibaly,France,https://media.api-sports.io/football/players/128338.png,Leicester,Defender,25,4,107,0,0,13300000.0
129033,2024,J. Gvardiol,Joško,Gvardiol,Croatia,https://media.api-sports.io/football/players/129033.png,Manchester City,Defender,22,38,3279,5,0,30500000.0
129058,2024,B. Verbruggen,Bart,Verbruggen,Netherlands,https://media.api-sports.io/football/players/129058.png,Brighton,Goalkeeper,21,36,3240,0,1,10500000.0
129643,2024,E. Ferguson,Evan Joe,Ferguson,Republic of Ireland,https://media.api-sports.io/football/players/129643.png,West Ham / Brighton,Attacker,19,23,411,1,0,9000000.0
129705,2024,L. Ashby-Hammond,Luca,Ashby-Hammond,England,https://media.api-sports.io/football/players/129705.png,Fulham,Goalkeeper,23,0,0,0,0,2800000.0
129711,2024,B. Johnson,Brennan Price,Johnson,Wales,https://media.api-sports.io/football/players/129711.png,Tottenham,Attacker,23,33,2178,11,3,22200000.0
129712,2024,A. Mighten,Alexander Cole,Mighten,England,https://media.api-sports.io/football/players/129712.png,Nottingham Forest,Attacker,22,0,0,0,0,5200000.0
129791,2024,Fábio Silva,Fábio Daniel,Soares Silva,Portugal,https://media.api-sports.io/football/players/129791.png,Wolves,Attacker,22,0,0,0,0,8500000.0
130416,2024,G. Kilkenny,Gavin,Kilkenny,Republic of Ireland,https://media.api-sports.io/football/players/130416.png,Bournemouth,Midfielder,24,0,0,0,0,9900000.0
130421,2024,W. Smallbone,William Anthony Patrick,Smallbone,Republic of Ireland,https://media.api-sports.io/football/players/130421.png,Southampton,Midfielder,24,18,682,1,0,21000000.0
130423,2024,B. Gilmour,Billy Clifford,Gilmour,Scotland,https://media.api-sports.io/football/players/130423.png,Brighton,Midfielder,23,2,97,0,0,6500000.0
135068,2024,E. Agbadou,Emmanuel Elysee,Djedje Agbadou Badobre,Côte d'Ivoire,https://media.api-sports.io/football/players/135068.png,Wolves,Defender,27,16,1411,1,0,13600000.0
135334,2024,S. Bueno,Santiago Ignacio,Bueno Sciutto,Uruguay,https://media.api-sports.io/football/players/135334.png,Wolves,Defender,25,37,1716,0,0,9400000.0
135525,2024,C. Ramsay,Calvin William,Ramsay,Scotland,https://media.api-sports.io/football/players/135525.png,Liverpool,Defender,21,0,0,0,0,3600000.0
135775,2024,Ansu Fati,Anssumane,Fati Vieira,Spain,https://media.api-sports.io/football/players/135775.png,Brighton,Attacker,21,0,0,0,0,12800000.0
136723,2024,N. Madueke,Chukwunonso Tristan,Madueke,England,https://media.api-sports.io/football/players/136723.png,Chelsea,Attacker,22,32,2049,7,3,25500000.0
137302,2024,C. Archer,Cameron Desmond,Archer,England,https://media.api-sports.io/football/players/137302.png,Southampton,Attacker,22,35,1430,2,0,21100000.0
138417,2024,N. Patterson,Nathan Kenneth,Patterson,Scotland,https://media.api-sports.io/football/players/138417.png,Everton,Defender,22,10,343,0,1,8300000.0
138777,2024,F. Anjorin,Faustino Adebola Rasheed,Anjorin,England,https://media.api-sports.io/football/players/138777.png,Chelsea,Midfielder,22,0,0,0,0,5400000.0
138780,2024,N. Williams,Neco Shay,Williams,Wales,https://media.api-sports.io/football/players/138780.png,Nottingham Forest,Defender,23,38,2599,1,3,22900000.0
138787,2024,A. Gordon,Anthony Michael,Gordon,England,https://media.api-sports.io/football/players/138787.png,Newcastle,Attacker,23,34,2444,6,5,33000000.0
138806,2024,B. Williams,Brandon Paul Brian,Williams,England,https://media.api-sports.io/football/players/138806.png,Ipswich,Defender,23,0,0,0,0,4200000.0
138815,2024,T. Lamptey,Tariq Kwame,Nii-Lante Lamptey,Ghana,https://media.api-sports.io/football/players/138815.png,Brighton,Defender,23,15,861,2,2,9800000.0
138816,2024,I. Maatsen,Ian Ethan,Maatsen,Netherlands,https://media.api-sports.io/football/players/138816.png,Aston Villa,Defender,22,37,1164,1,2,12200000.0
138822,2024,A. Broja,Armando,Broja,Albania,https://media.api-sports.io/football/players/138822.png,Everton,Attacker,22,10,331,0,0,12200000.0
138832,2024,B. Winterbottom,Benjamin Harry,Winterbottom,England,https://media.api-sports.io/football/players/138832.png,Brentford,Goalkeeper,23,0,0,0,0,2900000.0
138836,2024,H. Clarke,Harrison Thomas,Clarke,England,https://media.api-sports.io/football/players/138836.png,Ipswich,Defender,23,7,377,0,0,5900000.0
138844,2024,H. Tyrer,Harry Alfred,Tyrer,England,https://media.api-sports.io/football/players/138844.png,Everton,Goalkeeper,22,0,0,0,0,5700000.0
138906,2024,J. White,Joe Peter,White,England,https://media.api-sports.io/football/players/138906.png,Newcastle,Midfielder,21,0,0,0,0,10300000.0
138908,2024,E. Anderson,Elliot,Anderson,Scotland,https://media.api-sports.io/football/players/138908.png,Nottingham Forest,Midfielder,21,37,2742,2,6,32300000.0
138929,2024,L. Brunt,Lewis,Brunt,England,https://media.api-sports.io/football/players/138929.png,Leicester,Defender,23,0,0,0,0,4100000.0
138931,2024,J. Philogene,Jaden,Philogene-Bidace,England,https://media.api-sports.io/football/players/138931.png,Ipswich / Aston Villa,Attacker,22,21,799,2,0,8200000.0
138935,2024,C. Chukwuemeka,Carney Chibueze,Chukwuemeka,England,https://media.api-sports.io/football/players/138935.png,Chelsea,Midfielder,20,0,0,0,0,5000000.0
138937,2024,F. Marschall,Filip,Marschall,England,https://media.api-sports.io/football/players/138937.png,Aston Villa,Goalkeeper,21,0,0,0,0,2400000.0
140947,2024,I. Kaboré,Issa,Kaboré,Burkina Faso,https://media.api-sports.io/football/players/140947.png,Manchester City,Defender,23,0,0,0,0,2600000.0
141901,2024,Jota Silva,João Pedro,Ferreira Silva,Portugal,https://media.api-sports.io/football/players/141901.png,Nottingham Forest,Attacker,25,31,891,3,1,48000000.0
144709,2024,J. Anang,Joseph,Tetteh Anang,England,https://media.api-sports.io/football/players/144709.png,West Ham,Goalkeeper,24,0,0,0,0,3400000.0
144723,2024,K. Hegyi,Krisztián,Hegyi,Hungary,https://media.api-sports.io/football/players/144723.png,West Ham,Goalkeeper,21,0,0,0,0,1900000.0
144725,2024,K. Simon-Swyer,Kamarai,Simon-Swyer,England,https://media.api-sports.io/football/players/144725.png,West Ham,Attacker,21,0,0,0,0,11300000.0
144729,2024,T. Harwood-Bellis,Taylor Jay,Harwood-Bellis,England,https://media.api-sports.io/football/players/144729.png,Southampton,Defender,22,34,2828,1,0,7500000.0
144732,2024,T. Doyle,Thomas Glyn,Doyle,England,https://media.api-sports.io/football/players/144732.png,Wolves,Midfielder,22,33,521,0,1,4300000.0
144733,2024,B. Knight,Benjamin Leo,Knight,England,https://media.api-sports.io/football/players/144733.png,Manchester City,Midfielder,22,0,0,0,0,10700000.0
144741,2024,L. Moulden,Louie,Moulden,England,https://media.api-sports.io/football/players/144741.png,Wolves,Goalkeeper,22,0,0,0,0,2600000.0
147832,2024,G. Yahyai,Gassan Ahadme,Yahyai,Morocco,https://media.api-sports.io/football/players/147832.png,Ipswich,Attacker,23,0,0,0,0,3600000.0
147835,2024,A. Omobamidele,Andrew Abiola,Omobamidele,Republic of Ireland,https://media.api-sports.io/football/players/147835.png,Nottingham Forest,Defender,22,0,0,0,0,1900000.0
148099,2024,K. Dewsbury-Hall,Kiernan Frank,Dewsbury-Hall,England,https://media.api-sports.io/football/players/148099.png,Chelsea,Midfielder,25,13,256,0,1,10000000.0
149551,2024,T. Parrott,Troy Daniel,Parrott,Republic of Ireland,https://media.api-sports.io/football/players/149551.png,Tottenham,Attacker,22,0,0,0,0,13800000.0
149564,2024,L. Cundle,Luke James,Cundle,England,https://media.api-sports.io/football/players/149564.png,Wolves,Midfielder,22,0,0,0,0,5400000.0
151756,2024,W. Dennis,William Jonathan,Dennis,England,https://media.api-sports.io/football/players/151756.png,Bournemouth,Goalkeeper,24,0,0,0,0,2400000.0
152418,2024,N. Ahamada,Naouirou Mohamed,Ahamada,France,https://media.api-sports.io/football/players/152418.png,Crystal Palace,Midfielder,22,0,0,0,0,4300000.0
152654,2024,J. Frimpong,Jeremie Agyekum,Frimpong,Netherlands,https://media.api-sports.io/football/players/152654.png,Liverpool,Defender,23,0,0,0,0,4700000.0
152849,2024,M. van de Ven,Micky,van de Ven,Netherlands,https://media.api-sports.io/football/players/152849.png,Tottenham,Defender,23,19,1018,0,2,4800000.0
152856,2024,Evanilson,Francisco Evanilson,de Lima Barbosa,Brazil,https://media.api-sports.io/football/players/152856.png,Bournemouth,Attacker,24,31,2335,10,1,50600000.0
152953,2024,L. Colwill,Levi Lemar,Samuels Colwill,England,https://media.api-sports.io/football/players/152953.png,Chelsea,Defender,21,35,3150,2,1,18200000.0
152967,2024,C. Bassey,Calvin,Bassey Ughelumba,Nigeria,https://media.api-sports.io/football/players/152967.png,Fulham,Defender,24,37,3074,1,0,10900000.0
152969,2024,L. Thomas,Luke Jonathan,Thomas,England,https://media.api-sports.io/football/players/152969.png,Leicester,Defender,23,14,1113,0,0,11100000.0
152970,2024,J. Stolarczyk,Jakub,Stolarczyk,Poland,https://media.api-sports.io/football/players/152970.png,Leicester,Goalkeeper,23,10,900,0,0,3700000.0
152976,2024,Thomas Daniel Hill,Thomas Daniel,Hill,England,https://media.api-sports.io/football/players/152976.png,Liverpool,Midfielder,21,0,0,0,0,2700000.0
152979,2024,James Barry Norris,James Barry,Norris,England,https://media.api-sports.io/football/players/152979.png,Liverpool,Defender,21,0,0,0,0,3400000.0
152982,2024,C. Palmer,Cole Jermaine,Palmer,England,https://media.api-sports.io/football/players/152982.png,Chelsea,Midfielder,22,37,3199,15,8,19000000.0
153066,2024,Fábio Carvalho,Fábio Leandro,Freitas Gouveia de Carvalho,Portugal,https://media.api-sports.io/football/players/153066.png,Brentford,Midfielder,21,19,444,2,1,10500000.0
153407,2024,N. Butler-Oyedeji,Nathan Jerome Chatoyer,Butler-Oyedeji,England,https://media.api-sports.io/football/players/153407.png,Arsenal,Attacker,21,1,6,0,0,10200000.0
153420,2024,G. Wickens,George Alexander,Wickens,England,https://media.api-sports.io/football/players/153420.png,Fulham,Goalkeeper,22,0,0,0,0,3100000.0
153422,2024,E. Brierley,Ethan Craig,Brierley,England,https://media.api-sports.io/football/players/153422.png,Brentford,Midfielder,20,0,0,0,0,2600000.0
153425,2024,L. Dobbin,Lewis Norman,Dobbin,England,https://media.api-sports.io/football/players/153425.png,Everton,Attacker,21,0,0,0,0,4500000.0
153430,2024,A. Elanga,Anthony David,Junior Elanga,Sweden,https://media.api-sports.io/football/players/153430.png,Newcastle,Attacker,22,38,2508,6,11,53500000.0
153434,2024,W. Fish,William Thomas,Fish,England,https://media.api-sports.io/football/players/153434.png,Manchester United,Defender,21,0,0,0,0,2100000.0
156428,2024,B. Austin,Brandon Anthony,Austin,England,https://media.api-sports.io/football/players/156428.png,Tottenham,Goalkeeper,25,1,90,0,0,3200000.0
157052,2024,R. Calafiori,Riccardo,Calafiori,Italy,https://media.api-sports.io/football/players/157052.png,Arsenal,Defender,22,22,984,2,1,4000000.0
157912,2024,B. Traoré,Boubacar,Traoré,Mali,https://media.api-sports.io/football/players/157912.png,Wolves,Midfielder,22,1,0,0,0,6900000.0
157997,2024,A. Diallo,Amad,Diallo Traoré,Côte d'Ivoire,https://media.api-sports.io/football/players/157997.png,Manchester United,Attacker,22,26,1901,8,6,28200000.0
158693,2024,O. Beck,Owen Michael,Beck,Wales,https://media.api-sports.io/football/players/158693.png,Liverpool,Defender,21,0,0,0,0,4900000.0
158694,2024,T. Livramento,Valentino Francisco,Livramento,England,https://media.api-sports.io/football/players/158694.png,Newcastle,Defender,21,37,2842,0,1,22200000.0
158696,2024,F. Burns,Finley Jack,Burns,England,https://media.api-sports.io/football/players/158696.png,Manchester City,Defender,21,0,0,0,0,6200000.0
158697,2024,J. McAtee,James John,McAtee,England,https://media.api-sports.io/football/players/158697.png,Manchester City,Midfielder,21,15,340,3,0,10800000.0
158698,2024,J. Quansah,Jarell,Amorin Quansah,England,https://media.api-sports.io/football/players/158698.png,Liverpool,Defender,21,13,487,0,0,7900000.0
158702,2024,C. Slicker,Cieran Peter,Slicker,Scotland,https://media.api-sports.io/football/players/158702.png,Ipswich,Goalkeeper,21,0,0,0,0,1900000.0
158710,2024,V. Kristiansen,Victor,Bernth Kristiansen,Denmark,https://media.api-sports.io/football/players/158710.png,Leicester,Defender,21,30,2490,0,1,16400000.0
159420,2024,R. Edwards,Ronnie,Lee Edwards,England,https://media.api-sports.io/football/players/159420.png,Southampton,Defender,21,1,12,0,0,6100000.0
161663,2024,E. Cashin,Eiran Joe,Cashin,Republic of Ireland,https://media.api-sports.io/football/players/161663.png,Brighton,Defender,22,11,19,0,0,2200000.0
161671,2024,I. Zabarnyi,Illia,Zabarnyi,Ukraine,https://media.api-sports.io/football/players/161671.png,Bournemouth,Defender,21,36,3112,0,1,17700000.0
161907,2024,M. Gusto,Malo,Gusto,France,https://media.api-sports.io/football/players/161907.png,Chelsea,Defender,21,32,1855,0,1,5600000.0
161921,2024,G. Reyna,Giovanni Alejandro,Reyna,USA,https://media.api-sports.io/football/players/161921.png,Nottingham Forest,Midfielder,21,0,0,0,0,5500000.0
161948,2024,L. Delap,Liam Rory,Delap,England,https://media.api-sports.io/football/players/161948.png,Ipswich,Attacker,21,37,2612,12,2,48000000.0
162075,2024,P. Maghoma,Edmond-Paris,Maghoma,England,https://media.api-sports.io/football/players/162075.png,Brentford,Midfielder,23,8,111,0,0,5300000.0
162148,2024,M. Robson,Max,Robson,England,https://media.api-sports.io/football/players/162148.png,Tottenham,Midfielder,21,0,0,0,0,4100000.0
162150,2024,N. John,Nile Omari,Mckenzie John,England,https://media.api-sports.io/football/players/162150.png,Tottenham,Midfielder,21,0,0,0,0,4600000.0
162168,2024,L. Barry,Louie Mark,Barry,England,https://media.api-sports.io/football/players/162168.png,Aston Villa,Attacker,21,0,0,0,0,6800000.0
162173,2024,S. Iling-Junior,Samuel,Iling-Junior,England,https://media.api-sports.io/football/players/162173.png,Aston Villa,Attacker,20,0,0,0,0,4100000.0
162498,2024,R. Drăgușin,Radu,Matei Drăgușin,Romania,https://media.api-sports.io/football/players/162498.png,Tottenham,Defender,22,16,1253,0,0,6200000.0
162552,2024,D. Scarlett,Dane Pharrell,Scarlett,England,https://media.api-sports.io/football/players/162552.png,Tottenham,Attacker,20,0,0,0,1,5100000.0
162590,2024,T. Morton,Tyler Scott,Morton,England,https://media.api-sports.io/football/players/162590.png,Liverpool,Midfielder,21,0,0,0,0,6100000.0
162687,2024,V. Jaroš,Vítězslav,Jaroš,Czechia,https://media.api-sports.io/football/players/162687.png,Liverpool,Goalkeeper,23,12,11,0,0,3800000.0
162714,2024,A. Onana,Amadou Ba Zeund Georges,Mvom Onana,Belgium,https://media.api-sports.io/football/players/162714.png,Aston Villa,Midfielder,22,28,1631,3,0,25900000.0
162904,2024,R. Williams,Rhys,Williams,England,https://media.api-sports.io/football/players/162904.png,Liverpool,Defender,23,0,0,0,0,3300000.0
163068,2024,O. Rekik,Omar,Rekik,Tunisia,https://media.api-sports.io/football/players/163068.png,Arsenal,Defender,22,0,0,0,0,4800000.0
167656,2024,M. Leonard,Marc Henry,Leonard,Scotland,https://media.api-sports.io/football/players/167656.png,Brighton,Midfielder,22,0,0,0,0,13100000.0
167657,2024,T. Onyango,Tyler Jaden,Napier Edward Onyango,England,https://media.api-sports.io/football/players/167657.png,Everton,Midfielder,21,0,0,0,0,4500000.0
169291,2024,V. Sinisalo,Viljami Kari Veikko,Sinisalo,Finland,https://media.api-sports.io/football/players/169291.png,Aston Villa,Goalkeeper,22,0,0,0,0,2000000.0
169295,2024,K. Hein,Karl Jakob,Hein,Estonia,https://media.api-sports.io/football/players/169295.png,Arsenal,Goalkeeper,22,0,0,0,0,3100000.0
171035,2024,T. Chirewa,Tawanda,Chirewa,England,https://media.api-sports.io/football/players/171035.png,Wolves,Attacker,20,0,0,0,0,8200000.0
178077,2024,K. Schade,Kevin,Schade,Germany,https://media.api-sports.io/football/players/178077.png,Brentford,Midfielder,22,38,2300,11,2,33600000.0
180308,2024,M. Peart-Harris,Myles,Spencer Peart-Harris,England,https://media.api-sports.io/football/players/180308.png,Brentford,Midfielder,21,0,0,0,0,3900000.0
180316,2024,H. Davies,Harvey,Davies,England,https://media.api-sports.io/football/players/180316.png,Liverpool,Goalkeeper,20,0,0,0,0,5000000.0
180317,2024,C. Bradley,Conor,Bradley,Northern Ireland,https://media.api-sports.io/football/players/180317.png,Liverpool,Defender,21,19,748,0,2,7600000.0
180560,2024,H. Mejbri,Hannibal,Mejbri,Tunisia,https://media.api-sports.io/football/players/180560.png,Manchester United,Midfielder,21,0,0,0,0,4200000.0
180866,2024,Marcelo,Marcelo,de Araújo Pitaluga Filho,Brazil,https://media.api-sports.io/football/players/180866.png,Liverpool,Goalkeeper,21,0,0,0,0,5300000.0
180919,2024,Welington,Welington Damascena,Santos,Brazil,https://media.api-sports.io/football/players/180919.png,Southampton,Defender,23,10,482,0,0,10200000.0
181796,2024,J. Brooking,Joshua Royston,Brooking,England,https://media.api-sports.io/football/players/181796.png,Chelsea,Defender,21,0,0,0,0,4000000.0
181797,2024,B. Humphreys,Bashir,Humphreys,England,https://media.api-sports.io/football/players/181797.png,Chelsea,Defender,21,0,0,0,0,8000000.0
182201,2024,T. Mitchell,Tyrick Kwon,Mitchell,England,https://media.api-sports.io/football/players/182201.png,Crystal Palace,Defender,24,38,3102,0,5,9700000.0
190686,2024,S. Mara,Sékou,Mara,France,https://media.api-sports.io/football/players/190686.png,Southampton,Attacker,22,0,0,0,0,9400000.0
191337,2024,T. Crama,Tristan,Crama,France,https://media.api-sports.io/football/players/191337.png,Brentford,Defender,22,0,0,0,0,6100000.0
191971,2024,J. Stansfield,Jay,Stansfield,England,https://media.api-sports.io/football/players/191971.png,Fulham,Attacker,21,1,0,0,0,8700000.0
195103,2024,João Gomes,João Victor,Gomes da Silva,Brazil,https://media.api-sports.io/football/players/195103.png,Wolves,Midfielder,23,36,2987,3,1,22200000.0
195106,2024,Rodrigo Muniz,Rodrigo,Muniz Carvalho,Brazil,https://media.api-sports.io/football/players/195106.png,Fulham,Attacker,23,31,950,8,1,18900000.0
195717,2024,Y. Mosquera,Yerson,Mosquera Valdelamar,Colombia,https://media.api-sports.io/football/players/195717.png,Wolves,Defender,23,5,442,0,0,9500000.0
195962,2024,Chiquinho,Francisco Jorge,Tavares Oliveira,Portugal,https://media.api-sports.io/football/players/195962.png,Wolves,Attacker,24,1,12,0,0,6500000.0
195993,2024,C. Alcaraz,Carlos Jonas,Alcaraz Duran,Argentina,https://media.api-sports.io/football/players/195993.png,Southampton / Everton,Midfielder,21,16,770,2,6,16800000.0
196156,2024,Thiago,Igor Thiago,Nascimento Rodrigues,Brazil,https://media.api-sports.io/football/players/196156.png,Brentford,Attacker,23,8,174,0,0,15600000.0
196298,2024,R. Sosa,Ramón,Sosa Acosta,Paraguay,https://media.api-sports.io/football/players/196298.png,Nottingham Forest,Attacker,24,32,327,1,0,9300000.0
196855,2024,J. Anthony,Jaidon Kya Denley,Anthony,England,https://media.api-sports.io/football/players/196855.png,Bournemouth,Attacker,24,0,0,0,0,9300000.0
196856,2024,Daniel Edward Peter Imray,Daniel Edward Peter,Imray,England,https://media.api-sports.io/football/players/196856.png,Crystal Palace,Defender,21,0,0,0,0,3600000.0
197448,2024,Yan Couto,Yan,Bueno Couto,Brazil,https://media.api-sports.io/football/players/197448.png,Manchester City,Defender,22,0,0,0,0,5400000.0
199837,2024,K. Sulemana,Kamaldeen,Sulemana,Ghana,https://media.api-sports.io/football/players/199837.png,Southampton,Attacker,22,26,1405,1,1,13800000.0
200233,2024,Leigh Robert Kavanagh,Leigh Robert,Kavanagh,Republic of Ireland,https://media.api-sports.io/football/players/200233.png,Brighton,Defender,20,0,0,0,0,3400000.0
201368,2024,Killian Cahill,Killian,Cahill,Republic of Ireland,https://media.api-sports.io/football/players/201368.png,Brighton,Goalkeeper,20,0,0,0,0,2200000.0
202086,2024,J. Sarmiento,Jeremy Leonel,Sarmiento Morante,Ecuador,https://media.api-sports.io/football/players/202086.png,Brighton,Midfielder,22,1,8,0,0,7400000.0
204033,2024,J. Hodge,Joseph Shaun,Hodge,Republic of Ireland,https://media.api-sports.io/football/players/204033.png,Wolves,Midfielder,21,0,0,0,0,2300000.0
204039,2024,D. Udogie,Iyenoma Destiny,Udogie,Italy,https://media.api-sports.io/football/players/204039.png,Tottenham,Defender,21,25,1933,0,1,14300000.0
206254,2024,M. Kerkez,Miloš,Kerkez,Hungary,https://media.api-sports.io/football/players/206254.png,Bournemouth,Defender,20,38,3342,2,5,20200000.0
206404,2024,Samy Olivier Chouchane,Samy Olivier,Chouchane,Tunisia,https://media.api-sports.io/football/players/206404.png,Brighton,Midfielder,20,0,0,0,0,2300000.0
215874,2024,T. Cannon,Thomas Christopher,Cannon,Republic of Ireland,https://media.api-sports.io/football/players/215874.png,Leicester,Attacker,21,0,0,0,0,5800000.0
216809,2024,C. Peupion,Cameron Paul Jacques,Peupion,Australia,https://media.api-sports.io/football/players/216809.png,Brighton,Attacker,21,0,0,0,0,7700000.0
237129,2024,P. Sarr,Pape Matar,Sarr,Senegal,https://media.api-sports.io/football/players/237129.png,Tottenham,Midfielder,21,36,1915,3,2,19300000.0
263177,2024,A. Grønbæk,Albert,Grønbæk Erlykke,Denmark,https://media.api-sports.io/football/players/263177.png,Southampton,Midfielder,23,4,143,0,0,8800000.0
263538,2024,Y. Yarmolyuk,Yehor,Yarmolyuk,Ukraine,https://media.api-sports.io/football/players/263538.png,Brentford,Midfielder,20,31,1441,0,0,13800000.0
265733,2024,C. Wiley,Caleb Ryan,Wiley,USA,https://media.api-sports.io/football/players/265733.png,Chelsea,Defender,19,0,0,0,0,6100000.0
265784,2024,André,André Trindade,da Costa Neto,Brazil,https://media.api-sports.io/football/players/265784.png,Wolves,Midfielder,23,35,2495,0,0,15600000.0
265820,2024,Y. Ayari,Yasin,Abbas Ayari,Sweden,https://media.api-sports.io/football/players/265820.png,Brighton,Midfielder,20,34,1969,2,1,6500000.0
265826,2024,A. Kinský,Antonín,Kinský,Czechia,https://media.api-sports.io/football/players/265826.png,Tottenham,Goalkeeper,21,6,540,0,0,5300000.0
266657,2024,Sávio,Sávio,Moreira de Oliveira,Brazil,https://media.api-sports.io/football/players/266657.png,Manchester City,Attacker,20,36,1770,1,8,27200000.0
270139,2024,J. O&apos;Brien,Jake,O'Brien,Republic of Ireland,https://media.api-sports.io/football/players/270139.png,Everton,Defender,23,20,1569,2,0,8700000.0
270357,2024,K. Phillips,Killian,Phillips,Republic of Ireland,https://media.api-sports.io/football/players/270357.png,Crystal Palace,Midfielder,22,0,0,0,0,6500000.0
270508,2024,L. Ugochukwu,Lesley Chimuanya,Ugochukwu,France,https://media.api-sports.io/football/players/270508.png,Southampton,Midfielder,20,26,1663,1,1,23200000.0
270510,2024,M. Tel,Mathys Henri,Tel,France,https://media.api-sports.io/football/players/270510.png,Tottenham,Attacker,19,13,913,2,1,8000000.0
273757,2024,A. Devine,Alfie Sean,Devine,England,https://media.api-sports.io/football/players/273757.png,Tottenham,Midfielder,20,0,0,0,0,4400000.0
274550,2024,H. Vale,Harvey James,Vale,England,https://media.api-sports.io/football/players/274550.png,Chelsea,Midfielder,20,0,0,0,0,4200000.0
275170,2024,Danilo Santos,Danilo,dos Santos de Oliveira,Brazil,https://media.api-sports.io/football/players/275170.png,Nottingham Forest,Midfielder,23,8,293,0,0,3400000.0
276263,2024,F. Stevens,Finley,Stevens,Wales,https://media.api-sports.io/football/players/276263.png,Brentford,Defender,21,0,0,0,0,8000000.0
277191,2024,A. Sima,Abdallah Dipo,Sima,Senegal,https://media.api-sports.io/football/players/277191.png,Brighton,Attacker,23,0,0,0,0,8200000.0
278041,2024,M. Cox,Matthew Aidan,Cox,England,https://media.api-sports.io/football/players/278041.png,Brentford,Goalkeeper,21,0,0,0,0,3500000.0
278074,2024,S. Oulad M&apos;Hand,Salah,Oulad M'Hand,Netherlands,https://media.api-sports.io/football/players/278074.png,Arsenal,Midfielder,20,0,0,0,0,2200000.0
278085,2024,S. Edozie,Samuel Ikechukwu,Edozie,England,https://media.api-sports.io/football/players/278085.png,Southampton,Midfielder,21,2,63,0,0,13000000.0
278115,2024,Harvey George Godsmark-Ford,Harvey George,Godsmark-Ford,England,https://media.api-sports.io/football/players/278115.png,Leicester,Defender,20,0,0,0,0,4000000.0
278116,2024,Tawanda Jethro Maswanhise,Tawanda Jethro,Maswanhise,England,https://media.api-sports.io/football/players/278116.png,Leicester,Attacker,21,0,0,0,0,5400000.0
278118,2024,B. Nelson,Benjamin Harvey,Nelson,England,https://media.api-sports.io/football/players/278118.png,Leicester,Defender,20,0,0,0,0,4600000.0
278123,2024,S. Revan,Sebastian,Revan,England,https://media.api-sports.io/football/players/278123.png,Aston Villa,Midfielder,21,0,0,0,0,5100000.0
278128,2024,J. Wilson-Esbrand,Joshua Darius,Kamani Wilson-Esbrand,England,https://media.api-sports.io/football/players/278128.png,Manchester City,Defender,21,0,0,0,0,5600000.0
278129,2024,L. Mbete,Luke,Mbete-Tabu,England,https://media.api-sports.io/football/players/278129.png,Manchester City,Defender,20,0,0,0,0,3500000.0
278133,2024,Oscar Bobb,Oscar,Bobb,Norway,https://media.api-sports.io/football/players/278133.png,Manchester City,Midfielder,21,3,13,0,0,6100000.0
278370,2024,D. Gómez,Diego Alexander,Gómez Amarilla,Paraguay,https://media.api-sports.io/football/players/278370.png,Brighton,Midfielder,21,17,512,1,0,9800000.0
278898,2024,C. Riad,Chadi,Riad Dnanou,Morocco,https://media.api-sports.io/football/players/278898.png,Crystal Palace,Defender,21,6,90,0,0,6100000.0
280672,2024,E. Turns,Edward James,Turns,Wales,https://media.api-sports.io/football/players/280672.png,Brighton,Defender,21,0,0,0,0,4800000.0
280683,2024,James Balagizi,James,Balagizi,England,https://media.api-sports.io/football/players/280683.png,Liverpool,Midfielder,20,0,0,0,0,5500000.0
280687,2024,Hugo Bueno,Hugo,Bueno López,Spain,https://media.api-sports.io/football/players/280687.png,Wolves,Defender,21,0,0,0,0,6200000.0
281975,2024,Val Adedokun,Val,Adedokun,Republic of Ireland,https://media.api-sports.io/football/players/281975.png,Brentford,Defender,21,0,0,0,0,5200000.0
282125,2024,R. Lavia,Roméo,Lavia,Belgium,https://media.api-sports.io/football/players/282125.png,Chelsea,Midfielder,20,16,803,0,1,15000000.0
282126,2024,Carlos Forbs,Carlos Roberto,Forbs Borges,Portugal,https://media.api-sports.io/football/players/282126.png,Wolves,Attacker,20,27,241,0,0,7100000.0
282133,2024,J. Hugill,Joseph,Brennen Hugill,England,https://media.api-sports.io/football/players/282133.png,Manchester United,Attacker,20,0,0,0,0,14200000.0
282254,2024,O. Offiah,Odeluga Joshua,Offiah,England,https://media.api-sports.io/football/players/282254.png,Brighton,Defender,21,0,0,0,0,1500000.0
282770,2024,Rodrigo Gomes,Rodrigo Martins,Gomes,Portugal,https://media.api-sports.io/football/players/282770.png,Wolves,Defender,21,25,823,2,0,15800000.0
283026,2024,M. Biereth,Mika,Miles Biereth,Denmark,https://media.api-sports.io/football/players/283026.png,Arsenal,Attacker,21,0,0,0,0,14600000.0
283058,2024,N. Jackson,Nicolas,Jackson,Senegal,https://media.api-sports.io/football/players/283058.png,Chelsea,Attacker,23,31,2238,10,5,29700000.0
283265,2024,E. Baggott,Elkan William Tio,Baggott,Indonesia,https://media.api-sports.io/football/players/283265.png,Ipswich,Defender,21,0,0,0,0,12200000.0
283272,2024,A. Pond,Alfie James,Pond,England,https://media.api-sports.io/football/players/283272.png,Wolves,Defender,20,1,0,0,0,5200000.0
283289,2024,A. Raikhy,Arjan,Singh Raikhy,England,https://media.api-sports.io/football/players/283289.png,Leicester,Midfielder,21,0,0,0,0,10000000.0
283290,2024,K. McAteer,Kasey,McAteer,England,https://media.api-sports.io/football/players/283290.png,Leicester,Midfielder,22,18,851,1,1,7700000.0
284059,2024,L. Plange,Luke Elliot,Plange,England,https://media.api-sports.io/football/players/284059.png,Crystal Palace,Attacker,21,0,0,0,0,4400000.0
284060,2024,L. Laing,Levi Alexander,Laing,England,https://media.api-sports.io/football/players/284060.png,West Ham,Defender,21,0,0,0,0,3500000.0
284228,2024,Kian Breckin,Kian,Breckin,England,https://media.api-sports.io/football/players/284228.png,Manchester City,Midfielder,20,0,0,0,0,6300000.0
284230,2024,R. Lewis,Rico Henry Mark,Lewis,England,https://media.api-sports.io/football/players/284230.png,Manchester City,Defender,19,36,1897,1,2,22000000.0
284231,2024,Micah Hamilton,Micah,Hamilton,England,https://media.api-sports.io/football/players/284231.png,Manchester City,Attacker,20,0,0,0,0,5600000.0
284236,2024,Temple Ojinnaka,Temple,Ojinnaka,England,https://media.api-sports.io/football/players/284236.png,Wolves,Midfielder,19,0,0,0,0,3800000.0
284242,2024,O. Forson,Omari Nathan,Forson,England,https://media.api-sports.io/football/players/284242.png,Manchester United,Attacker,20,0,0,0,0,8600000.0
284247,2024,H. Blair,Harvey,Blair,England,https://media.api-sports.io/football/players/284247.png,Liverpool,Attacker,20,0,0,0,0,8600000.0
284259,2024,Ty Kimoni Barnett,Ty,Kimoni Barnett,England,https://media.api-sports.io/football/players/284259.png,Wolves,Attacker,19,0,0,0,0,8200000.0
284260,2024,Dylan Williams,Dylan,Williams,England,https://media.api-sports.io/football/players/284260.png,Chelsea,Defender,20,0,0,0,0,3800000.0
284262,2024,H. Griffiths,Harvey,Lawson Griffiths,England,https://media.api-sports.io/football/players/284262.png,Wolves,Midfielder,20,0,0,0,0,4200000.0
284264,2024,Juan Larios,Juan,Larios López,Spain,https://media.api-sports.io/football/players/284264.png,Southampton,Defender,20,0,0,0,0,1900000.0
284266,2024,L. Warrington,Lewis Wesley,Warrington,England,https://media.api-sports.io/football/players/284266.png,Everton,Midfielder,21,0,0,0,0,2700000.0
284278,2024,Michael Ndiweni,Michael,Ndiweni,England,https://media.api-sports.io/football/players/284278.png,Newcastle,Attacker,20,0,0,0,0,4500000.0
284280,2024,Luke Joseph Butterfield,Luke Joseph,Butterfield,Scotland,https://media.api-sports.io/football/players/284280.png,Everton,Midfielder,20,0,0,0,0,4100000.0
284286,2024,Isaac Mabaya,Isaac,Mabaya,England,https://media.api-sports.io/football/players/284286.png,Liverpool,Defender,19,0,0,0,0,2400000.0
284287,2024,Mateusz Konrad Musiałowski,Mateusz Konrad,Musiałowski,Poland,https://media.api-sports.io/football/players/284287.png,Liverpool,Midfielder,20,0,0,0,0,4500000.0
284291,2024,J. Turner-Cooke,Jay,Turner-Cooke,England,https://media.api-sports.io/football/players/284291.png,Newcastle,Midfielder,20,0,0,0,0,2300000.0
284305,2024,Jamie Miley,Jamie,Miley,England,https://media.api-sports.io/football/players/284305.png,Newcastle,Midfielder,20,0,0,0,0,3200000.0
284307,2024,Ethan Ennis,Ethan,Ennis,England,https://media.api-sports.io/football/players/284307.png,Manchester United,Attacker,19,0,0,0,0,6300000.0
284322,2024,K. Mainoo,Kobbie Boateng,Mainoo,England,https://media.api-sports.io/football/players/284322.png,Manchester United,Midfielder,19,26,1656,0,0,8300000.0
284324,2024,A. Garnacho,Alejandro,Garnacho Ferreyra,Argentina,https://media.api-sports.io/football/players/284324.png,Manchester United,Attacker,20,36,2196,6,2,25900000.0
284326,2024,Žan-Luk Leban,Žan-Luk,Leban,Slovenia,https://media.api-sports.io/football/players/284326.png,Everton,Goalkeeper,21,0,0,0,0,1300000.0
284327,2024,R. Welch,Reece,Belfield Welch,England,https://media.api-sports.io/football/players/284327.png,Everton,Defender,20,0,0,0,0,6100000.0
284356,2024,S. Charles,Shea Emmanuel,Charles,Northern Ireland,https://media.api-sports.io/football/players/284356.png,Southampton,Midfielder,20,0,0,0,0,4800000.0
284357,2024,Aaron Keto-Diyawa,Aaron,Keto-Diyawa,England,https://media.api-sports.io/football/players/284357.png,Wolves,Defender,20,0,0,0,0,3400000.0
284359,2024,Justin Quincy Hubner,Justin Quincy,Hubner,Netherlands,https://media.api-sports.io/football/players/284359.png,Wolves,Defender,20,0,0,0,0,7900000.0
284361,2024,R. Vítek,Radek,Vítek,Czechia,https://media.api-sports.io/football/players/284361.png,Manchester United,Goalkeeper,20,0,0,0,0,4300000.0
284366,2024,L. Chambers,Luke,Chambers,England,https://media.api-sports.io/football/players/284366.png,Liverpool,Defender,20,0,0,0,0,2700000.0
284367,2024,Luca Stephenson,Luca,Stephenson,England,https://media.api-sports.io/football/players/284367.png,Liverpool,Midfielder,20,0,0,0,0,4800000.0
284372,2024,C. Doyle,Callum Craig,Doyle,England,https://media.api-sports.io/football/players/284372.png,Leicester,Defender,20,0,0,0,0,3400000.0
284373,2024,L. De Bolle,Lucas,De Bolle,Scotland,https://media.api-sports.io/football/players/284373.png,Newcastle,Midfielder,21,0,0,0,0,5800000.0
284375,2024,James Alan Huntley,James Alan,Huntley,England,https://media.api-sports.io/football/players/284375.png,Newcastle,Midfielder,20,0,0,0,0,5800000.0
284385,2024,Elijah Xavier Campbell,Elijah,Xavier Campbell,England,https://media.api-sports.io/football/players/284385.png,Everton,Defender,19,0,0,0,0,4600000.0
284390,2024,J. Wright,James,Wright,England,https://media.api-sports.io/football/players/284390.png,Aston Villa,Goalkeeper,19,0,0,0,0,2300000.0
284391,2024,S. Murray,Sam,Murray,England,https://media.api-sports.io/football/players/284391.png,Manchester United,Defender,19,0,0,0,0,4200000.0
284400,2024,Tobias Christopher Collyer,Tobias Christopher,Collyer,England,https://media.api-sports.io/football/players/284400.png,Manchester United,Midfielder,20,17,175,0,0,18100000.0
284403,2024,Silko Amari Otieno Thomas,Silko,Amari Otieno Thomas,England,https://media.api-sports.io/football/players/284403.png,Leicester,Attacker,20,0,0,0,0,6500000.0
284404,2024,Jimi Weikko Tauriainen,Jimi Weikko,Tauriainen,Finland,https://media.api-sports.io/football/players/284404.png,Chelsea,Midfielder,20,0,0,0,0,10300000.0
284406,2024,A. Gilchrist,Alfie,Gilchrist,England,https://media.api-sports.io/football/players/284406.png,Chelsea,Defender,20,0,0,0,0,4100000.0
284409,2024,D. Mubama,Divin Saku,Mubama,England,https://media.api-sports.io/football/players/284409.png,Manchester City,Attacker,19,1,27,0,0,5300000.0
284415,2024,Yago Alonso,Yago,de Santiago Alonso,Spain,https://media.api-sports.io/football/players/284415.png,Tottenham,Attacker,21,0,0,0,0,4400000.0
284416,2024,Roshaun Mathurin,Roshaun,Mathurin,England,https://media.api-sports.io/football/players/284416.png,Crystal Palace,Attacker,20,0,0,0,0,4300000.0
284417,2024,Dante Jamel Cassanova,Dante Jamel,Cassanova,England,https://media.api-sports.io/football/players/284417.png,Tottenham,Defender,20,0,0,0,0,3400000.0
284428,2024,O. Hutchinson,Omari Elijah,Giraud-Hutchinson,Jamaica,https://media.api-sports.io/football/players/284428.png,Ipswich,Attacker,20,31,2594,3,2,29400000.0
284439,2024,L. Sousa,Lino,da Cruz Sousa,England,https://media.api-sports.io/football/players/284439.png,Aston Villa,Defender,19,0,0,0,0,4200000.0
284444,2024,Junior Robinson,Junior,Robinson,England,https://media.api-sports.io/football/players/284444.png,West Ham,Defender,20,0,0,0,0,3800000.0
284446,2024,F. Potts,Freddie,Potts,England,https://media.api-sports.io/football/players/284446.png,West Ham,Midfielder,20,0,0,0,0,4100000.0
284449,2024,J. Rak-Sakyi,Jesurun,Rak-Sakyi,England,https://media.api-sports.io/football/players/284449.png,Crystal Palace,Midfielder,21,0,0,0,0,3700000.0
284457,2024,L. Bogarde,Lamare Trenton,Chansey Bogarde,Netherlands,https://media.api-sports.io/football/players/284457.png,Aston Villa,Defender,20,8,476,0,0,4300000.0
284463,2024,Jack Henry-Francis,Jack,Henry-Francis,Republic of Ireland,https://media.api-sports.io/football/players/284463.png,Arsenal,Midfielder,20,0,0,0,0,8500000.0
284470,2024,M. Dibley-Dias,Matthew Max,Dibley-Dias,England,https://media.api-sports.io/football/players/284470.png,Fulham,Midfielder,20,0,0,0,0,5500000.0
284475,2024,L. Harris,Luke Bernard,Harris,Wales,https://media.api-sports.io/football/players/284475.png,Fulham,Midfielder,19,0,0,0,0,4500000.0
284487,2024,Wanya Marçal,Wanya,Marçal-Madivadua,Portugal,https://media.api-sports.io/football/players/284487.png,Leicester,Attacker,21,0,0,0,0,2800000.0
284492,2024,L. Hall,Lewis Kieran,Hall,England,https://media.api-sports.io/football/players/284492.png,Newcastle,Defender,19,27,2192,0,4,11800000.0
284493,2024,T. Adaramola,Omotayo Daniel,Adaramola,Republic of Ireland,https://media.api-sports.io/football/players/284493.png,Crystal Palace,Defender,20,0,0,0,0,4600000.0
284500,2024,T. Iroegbunam,Timothy Emeka,Iroegbunam,England,https://media.api-sports.io/football/players/284500.png,Everton,Midfielder,21,18,563,0,1,28300000.0
284502,2024,James Lannin-Sweet,James,Lannin-Sweet,England,https://media.api-sports.io/football/players/284502.png,Arsenal,Defender,19,0,0,0,0,2100000.0
284523,2024,S. Swinkels,Sil,Laurentius Swinkels,Netherlands,https://media.api-sports.io/football/players/284523.png,Aston Villa,Defender,20,0,0,0,0,5700000.0
284530,2024,Brandon Ashley Cover,Brandon Ashley,Cover,England,https://media.api-sports.io/football/players/284530.png,Leicester,Midfielder,20,0,0,0,0,8200000.0
284531,2024,Benjamin Harvey Jackson,Benjamin,Harvey Jackson,England,https://media.api-sports.io/football/players/284531.png,Brighton,Defender,20,0,0,0,0,7100000.0
284532,2024,Zak Norton Sturge,Zak,Norton Sturge,England,https://media.api-sports.io/football/players/284532.png,Chelsea,Defender,20,0,0,0,0,4200000.0
284536,2024,J. Knightbridge,Jacob Christopher,Knightbridge,England,https://media.api-sports.io/football/players/284536.png,West Ham,Goalkeeper,20,0,0,0,0,3300000.0
284539,2024,H. Graczyk,Hubert,Graczyk,England,https://media.api-sports.io/football/players/284539.png,Manchester United,Goalkeeper,21,0,0,0,0,3400000.0
284540,2024,Mauro Bandeira,Mauro,Gomes Bandeira,Portugal,https://media.api-sports.io/football/players/284540.png,Arsenal,Midfielder,20,0,0,0,0,5500000.0
284549,2024,J. Whitworth,Joseph Charles,Whitworth,England,https://media.api-sports.io/football/players/284549.png,Crystal Palace,Goalkeeper,20,0,0,0,0,2000000.0
284551,2024,J. Wells-Morrison,Jack Campbell,Wells-Morrison,England,https://media.api-sports.io/football/players/284551.png,Crystal Palace,Midfielder,20,0,0,0,0,8000000.0
284554,2024,O. Goodman,Owen Olamidayo,Goodman,England,https://media.api-sports.io/football/players/284554.png,Crystal Palace,Goalkeeper,20,0,0,0,0,1500000.0
284556,2024,T. O&apos;Reilly,Tommi Dylan,O'Reilly,England,https://media.api-sports.io/football/players/284556.png,Aston Villa,Midfielder,20,0,0,0,0,4800000.0
284557,2024,Z. Monlouis,Zane,Monlouis,England,https://media.api-sports.io/football/players/284557.png,Arsenal,Defender,20,0,0,0,0,4500000.0
284559,2024,Alexander Paul Borto,Alexander Paul,Borto,USA,https://media.api-sports.io/football/players/284559.png,Fulham,Goalkeeper,20,0,0,0,0,1600000.0
284571,2024,C. Sagoe,Charles Kwame,Sagoe Junior,England,https://media.api-sports.io/football/players/284571.png,Arsenal,Attacker,20,0,0,0,0,5400000.0
284797,2024,D. Ouattara,Dango Aboubacar Faissal,Ouattara,Burkina Faso,https://media.api-sports.io/football/players/284797.png,Bournemouth,Attacker,22,32,2007,7,4,21100000.0
286458,2024,J. Devenny,Justin,Devenny,Scotland,https://media.api-sports.io/football/players/286458.png,Crystal Palace,Midfielder,20,23,493,1,1,4100000.0
286616,2024,F. Jörgensen,Filip,Jörgensen,Denmark,https://media.api-sports.io/football/players/286616.png,Chelsea,Goalkeeper,22,6,540,0,0,5500000.0
286764,2024,Kaide Gordon,Kaide,Gordon,England,https://media.api-sports.io/football/players/286764.png,Liverpool,Attacker,19,0,0,0,0,2700000.0
286773,2024,Leo Castledine,Leo,Castledine,England,https://media.api-sports.io/football/players/286773.png,Chelsea,Midfielder,18,0,0,0,0,4600000.0
287109,2024,J. McConnell,James,McConnell,England,https://media.api-sports.io/football/players/287109.png,Liverpool,Midfielder,19,0,0,0,0,2900000.0
287111,2024,Fabian Mrozek,Fabian,Mrozek,Poland,https://media.api-sports.io/football/players/287111.png,Liverpool,Goalkeeper,20,0,0,0,0,3700000.0
287868,2024,Max Merrick,Max,Merrick,England,https://media.api-sports.io/football/players/287868.png,Chelsea,Goalkeeper,18,0,0,0,0,1700000.0
288006,2024,R. Højlund,Rasmus,Winther Højlund,Denmark,https://media.api-sports.io/football/players/288006.png,Manchester United,Attacker,21,34,2022,4,0,20100000.0
288055,2024,Ângelo,Ângelo Gabriel,Borges Damaceno,Brazil,https://media.api-sports.io/football/players/288055.png,Chelsea,Attacker,19,0,0,0,0,5500000.0
288102,2024,A. Wharton,Adam James,Wharton,England,https://media.api-sports.io/football/players/288102.png,Crystal Palace,Midfielder,20,21,1336,0,2,19400000.0
288109,2024,A. Robertson,Alexander Sean Pablo,Robertson,Australia,https://media.api-sports.io/football/players/288109.png,Manchester City,Midfielder,21,0,0,0,0,5400000.0
288112,2024,Willy Kambwala Ndengushi,Willy,Kambwala Ndengushi,France,https://media.api-sports.io/football/players/288112.png,Manchester United,Defender,19,0,0,0,0,2100000.0
288116,2024,K. Casey,Kaelan,Casey,England,https://media.api-sports.io/football/players/288116.png,West Ham,Defender,19,8,1,0,0,2100000.0
288118,2024,L. Orford,Lewis,Orford,England,https://media.api-sports.io/football/players/288118.png,West Ham,Midfielder,18,5,47,0,0,2900000.0
288125,2024,R. Clayton,Regan,Clayton,England,https://media.api-sports.io/football/players/288125.png,West Ham,Defender,19,0,0,0,0,3100000.0
288699,2024,M. Perrone,Máximo,Perrone,Argentina,https://media.api-sports.io/football/players/288699.png,Manchester City,Midfielder,21,0,0,0,0,14600000.0
289624,2024,S. Braybrooke,Samuel Charles,Braybrooke,England,https://media.api-sports.io/football/players/289624.png,Leicester,Midfielder,20,0,0,0,0,6200000.0
291363,2024,George Earthy,George,Earthy,England,https://media.api-sports.io/football/players/291363.png,West Ham,Midfielder,19,0,0,0,0,9800000.0
293162,2024,J. Raymond,Jadan,Raymond,England,https://media.api-sports.io/football/players/293162.png,Crystal Palace,Midfielder,20,0,0,0,0,5200000.0
293163,2024,J. Donley,Jamie,Donley,England,https://media.api-sports.io/football/players/293163.png,Tottenham,Midfielder,19,0,0,0,0,6100000.0
293164,2024,Amadou Diallo,Amadou,Diallo,England,https://media.api-sports.io/football/players/293164.png,Newcastle,Attacker,21,0,0,0,0,3900000.0
293168,2024,Max Alleyne,Max,Alleyne,England,https://media.api-sports.io/football/players/293168.png,Manchester City,Defender,19,0,0,0,0,2000000.0
293643,2024,I. Osman,Ibrahim,Osman,Ghana,https://media.api-sports.io/football/players/293643.png,Brighton,Attacker,19,0,0,0,0,2500000.0
294638,2024,Finley Munroe,Finley,Munroe,England,https://media.api-sports.io/football/players/294638.png,Aston Villa,Defender,19,0,0,0,0,3000000.0
296121,2024,J. Hinchy,Jack Samuel Lawrence,Hinchy,England,https://media.api-sports.io/football/players/296121.png,Brighton,Midfielder,21,0,0,0,0,12900000.0
296458,2024,D. Jebbison,Daniel David,Jebbison,Canada,https://media.api-sports.io/football/players/296458.png,Bournemouth,Attacker,21,20,180,1,0,12900000.0
296664,2024,Isaac Heath,Isaac,Heath,England,https://media.api-sports.io/football/players/296664.png,Everton,Attacker,19,0,0,0,0,3100000.0
297635,2024,Devan Austin Tanton Pedraza,Devan,Austin Tanton Pedraza,Colombia,https://media.api-sports.io/football/players/297635.png,Fulham,Defender,20,0,0,0,0,2500000.0
297640,2024,Roman Dixon,Roman,Dixon,England,https://media.api-sports.io/football/players/297640.png,Everton,Defender,19,3,90,0,0,1900000.0
297641,2024,Jenson Metcalfe,Jenson,Metcalfe,England,https://media.api-sports.io/football/players/297641.png,Everton,Midfielder,19,0,0,0,0,3000000.0
298060,2024,Z. Silcott-Duberry,Zain Rio,Silcott-Duberry,England,https://media.api-sports.io/football/players/298060.png,Bournemouth,Attacker,19,1,0,0,0,4300000.0
298061,2024,Ted Curd,Ted,Curd,England,https://media.api-sports.io/football/players/298061.png,Chelsea,Goalkeeper,18,0,0,0,0,1500000.0
298099,2024,Mackenzie Hunt,Mackenzie,Hunt,England,https://media.api-sports.io/football/players/298099.png,Everton,Defender,22,0,0,0,0,7000000.0
298128,2024,K. Kesler-Hayden,Kaine,Kesler-Hayden,England,https://media.api-sports.io/football/players/298128.png,Aston Villa,Defender,21,0,0,0,0,6600000.0
298129,2024,M. Boateng,Malachi,Boateng,England,https://media.api-sports.io/football/players/298129.png,Crystal Palace,Midfielder,22,0,0,0,0,4400000.0
299813,2024,Ali Al Hamadi,Ali Ibrahim Karim,Al Hamadi,Iraq,https://media.api-sports.io/football/players/299813.png,Ipswich,Attacker,22,13,144,0,0,6500000.0
301281,2024,A. Phillips,Ashley,Famiwuya Phillips,England,https://media.api-sports.io/football/players/301281.png,Tottenham,Defender,19,0,0,0,0,4400000.0
301295,2024,K. Rodney,Kaden Kai,Rodney,England,https://media.api-sports.io/football/players/301295.png,Crystal Palace,Midfielder,19,0,0,0,0,4400000.0
301714,2024,Owen Barker,Owen,Barker,England,https://media.api-sports.io/football/players/301714.png,Everton,Midfielder,19,0,0,0,0,6100000.0
301771,2024,S. Adingra,Simon,Adingra,Côte d'Ivoire,https://media.api-sports.io/football/players/301771.png,Brighton,Attacker,22,29,1090,2,2,14000000.0
303010,2024,Daniel Gore,Daniel,Gore,England,https://media.api-sports.io/football/players/303010.png,Manchester United,Midfielder,19,0,0,0,0,3700000.0
303015,2024,Jadel Katongo,Jadel,Katongo,England,https://media.api-sports.io/football/players/303015.png,Manchester City,Defender,19,0,0,0,0,6100000.0
303016,2024,M. Oyedele,Maximillian,Oyedele,Poland,https://media.api-sports.io/football/players/303016.png,Manchester United,Midfielder,19,0,0,0,0,4200000.0
303017,2024,Samuel Mather,Samuel,Mather,England,https://media.api-sports.io/football/players/303017.png,Manchester United,Attacker,19,0,0,0,0,6600000.0
303019,2024,N. Fraser,Nathan John Mark,Fraser,Republic of Ireland,https://media.api-sports.io/football/players/303019.png,Wolves,Attacker,19,0,0,0,0,3800000.0
303322,2024,N. Djiga,Yacouba Nasser,Djiga,Burkina Faso,https://media.api-sports.io/football/players/303322.png,Wolves,Defender,21,13,65,0,0,2300000.0
303460,2024,D. Ballard,Dominic,Ballard,England,https://media.api-sports.io/football/players/303460.png,Southampton,Attacker,19,0,0,0,0,7500000.0
303467,2024,A. Fatawu,Issahaku Abdul,Fatawu,Ghana,https://media.api-sports.io/football/players/303467.png,Leicester,Attacker,20,11,577,0,2,11200000.0
304316,2024,Henry Cartwright,Henry,Cartwright,England,https://media.api-sports.io/football/players/304316.png,Leicester,Midfielder,19,0,0,0,0,5100000.0
304317,2024,T. Dibling,Tyler-Jay,Dibling,England,https://media.api-sports.io/football/players/304317.png,Southampton,Midfielder,18,33,1872,2,0,8800000.0
304318,2024,Cameron Bragg,Cameron,Bragg,England,https://media.api-sports.io/football/players/304318.png,Southampton,Midfielder,19,0,0,0,0,5000000.0
304319,2024,Ademola Oladipupo Ola-Adebomi,Ademola,Oladipupo Ola-Adebomi,England,https://media.api-sports.io/football/players/304319.png,Crystal Palace,Attacker,20,0,0,0,0,11100000.0
304320,2024,D. Ozoh,David Ikechukwu,Ozoh,England,https://media.api-sports.io/football/players/304320.png,Crystal Palace,Midfielder,19,0,0,0,0,4600000.0
304322,2024,C. Popov,Christopher,Popov,Wales,https://media.api-sports.io/football/players/304322.png,Leicester,Attacker,19,0,0,0,0,3700000.0
304853,2024,A. Scott,Alex Jay,Scott,England,https://media.api-sports.io/football/players/304853.png,Bournemouth,Midfielder,20,21,751,0,0,7000000.0
305730,2024,J. Hinshelwood,Jack Luca,Hinshelwood,England,https://media.api-sports.io/football/players/305730.png,Brighton,Midfielder,19,26,1854,5,2,21600000.0
305732,2024,T. Wilson-Brown,Thomas,Wilson-Brown,England,https://media.api-sports.io/football/players/305732.png,Leicester,Defender,19,0,0,0,0,3900000.0
305733,2024,W. Alves,William Thomas,Alves,England,https://media.api-sports.io/football/players/305733.png,Leicester,Midfielder,19,1,0,0,0,3700000.0
305735,2024,J. Duffus,Joshua James,Leslie Duffus,England,https://media.api-sports.io/football/players/305735.png,Brighton,Attacker,19,0,0,0,0,6100000.0
305736,2024,Kobei Moore,Kobei,Moore,England,https://media.api-sports.io/football/players/305736.png,Aston Villa,Attacker,19,0,0,0,0,4700000.0
305834,2024,Andrey Santos,Andrey,Nascimento dos Santos,Brazil,https://media.api-sports.io/football/players/305834.png,Chelsea,Midfielder,20,0,0,0,0,3800000.0
307123,2024,N. O&apos;Reilly,Nico,O'Reilly,England,https://media.api-sports.io/football/players/307123.png,Manchester City,Midfielder,19,9,527,2,0,5300000.0
308843,2024,T. Patterson,Travis,Patterson,England,https://media.api-sports.io/football/players/308843.png,Aston Villa,Defender,18,0,0,0,0,2100000.0
308867,2024,S. Grehan,Seán,Grehan,Republic of Ireland,https://media.api-sports.io/football/players/308867.png,Crystal Palace,Defender,20,0,0,0,0,3000000.0
309501,2024,A. Cozier-Duberry,Amario,Cozier-Duberry,England,https://media.api-sports.io/football/players/309501.png,Arsenal,Midfielder,19,0,0,0,0,6000000.0
309505,2024,R. Walters,Reuell,Walters,England,https://media.api-sports.io/football/players/309505.png,Arsenal,Defender,19,0,0,0,0,2800000.0
309506,2024,J. Robinson,Josh Noah,Lynnford Robinson,England,https://media.api-sports.io/football/players/309506.png,Arsenal,Defender,19,0,0,0,0,4100000.0
310186,2024,C. Scanlon,Calum,Scanlon,England,https://media.api-sports.io/football/players/310186.png,Liverpool,Defender,19,0,0,0,0,2300000.0
310187,2024,Stefan Bajčetić,Stefan,Bajčetić Maquieira,Spain,https://media.api-sports.io/football/players/310187.png,Liverpool,Midfielder,19,0,0,0,0,3800000.0
310529,2024,G. Kodua,Gideon Mensah,Kodua,England,https://media.api-sports.io/football/players/310529.png,West Ham,Attacker,19,0,0,0,0,3000000.0
310531,2024,Rio Kyerematen,Rio,Kyerematen,England,https://media.api-sports.io/football/players/310531.png,Tottenham,Midfielder,19,0,0,0,0,4100000.0
311157,2024,Matheus França,Matheus,França de Oliveira,Brazil,https://media.api-sports.io/football/players/311157.png,Crystal Palace,Attacker,20,11,52,1,0,7700000.0
311334,2024,F. Buonanotte,Facundo Valentín,Buonanotte,Argentina,https://media.api-sports.io/football/players/311334.png,Leicester,Midfielder,19,31,1515,5,2,16600000.0
311344,2024,A. Véliz,Alejo,Véliz,Argentina,https://media.api-sports.io/football/players/311344.png,Tottenham,Attacker,20,0,0,0,0,3000000.0
311520,2024,Marquinhos,Marcus Vinícius,Oliveira Alencar,Brazil,https://media.api-sports.io/football/players/311520.png,Arsenal,Attacker,21,0,0,0,0,10000000.0
311817,2024,A. Dorrington,Alfie,Dorrington,England,https://media.api-sports.io/football/players/311817.png,Tottenham,Defender,19,1,13,0,0,4900000.0
312118,2024,Joshua Feeney,Joshua,Feeney,England,https://media.api-sports.io/football/players/312118.png,Aston Villa,Defender,19,0,0,0,0,1700000.0
312260,2024,K. Young,Kadan,Young,England,https://media.api-sports.io/football/players/312260.png,Aston Villa,Attacker,18,0,0,0,0,4200000.0
313229,2024,J. Gower,Jimi,Gower,England,https://media.api-sports.io/football/players/313229.png,Arsenal,Midfielder,19,0,0,0,0,3600000.0
313236,2024,E. Nwaneri,Ethan Chidiebere,Nwaneri,England,https://media.api-sports.io/football/players/313236.png,Arsenal,Midfielder,17,36,946,4,2,8100000.0
313245,2024,M. Lewis-Skelly,Myles Anthony,Lewis-Skelly,England,https://media.api-sports.io/football/players/313245.png,Arsenal,Defender,17,23,1370,1,0,3900000.0
313671,2024,Ciaran Thompson,Ciaran James,Thompson,England,https://media.api-sports.io/football/players/313671.png,Newcastle,Defender,19,0,0,0,0,1600000.0
314661,2024,J. Danns,Jayden,Danns,England,https://media.api-sports.io/football/players/314661.png,Liverpool,Attacker,18,1,10,0,0,3500000.0
315237,2024,W. Osula,William Idamudia,Daugaard Osula,Denmark,https://media.api-sports.io/football/players/315237.png,Newcastle,Attacker,20,38,168,1,0,7000000.0
315767,2024,Patrick Kelly,Patrick,Kelly,Northern Ireland,https://media.api-sports.io/football/players/315767.png,West Ham,Midfielder,19,0,0,0,0,6500000.0
318056,2024,A. Murphy,Alex,Murphy,Republic of Ireland,https://media.api-sports.io/football/players/318056.png,Newcastle,Defender,20,0,0,0,0,2000000.0
319572,2024,V. Barco,Valentín,Barco,Argentina,https://media.api-sports.io/football/players/319572.png,Brighton,Midfielder,20,0,0,0,0,4700000.0
322304,2024,Cathal Heffernan,Cathal,Heffernan,Republic of Ireland,https://media.api-sports.io/football/players/322304.png,Newcastle,Defender,19,0,0,0,0,3100000.0
322305,2024,J. O&apos;Brien-Whitmarsh,Joseph,O'Brien-Whitmarsh,Republic of Ireland,https://media.api-sports.io/football/players/322305.png,Southampton,Midfielder,19,0,0,0,0,4100000.0
325851,2024,F. Back,Finley,Back,England,https://media.api-sports.io/football/players/325851.png,Nottingham Forest,Defender,21,0,0,0,0,5600000.0
326763,2024,C. Humphreys,Cameron,Humphreys,England,https://media.api-sports.io/football/players/326763.png,Ipswich,Midfielder,20,0,0,0,0,3900000.0
327602,2024,D. Osong,Detlef Esapa,Osong,England,https://media.api-sports.io/football/players/327602.png,Nottingham Forest,Attacker,19,0,0,0,0,5600000.0
327604,2024,Joseph Charles Gardner,Joseph Charles,Gardner,England,https://media.api-sports.io/football/players/327604.png,Nottingham Forest,Attacker,19,0,0,0,0,3100000.0
327609,2024,Jamie Carson McDonnell,Jamie,Carson McDonnell,Northern Ireland,https://media.api-sports.io/football/players/327609.png,Nottingham Forest,Midfielder,20,0,0,0,0,2300000.0
327726,2024,R. Owen,Riley,Owen,England,https://media.api-sports.io/football/players/327726.png,Brentford,Midfielder,18,0,0,0,0,4200000.0
327730,2024,O. Scarles,Oliver,Scarles,England,https://media.api-sports.io/football/players/327730.png,West Ham,Defender,18,15,662,0,0,4200000.0
327738,2024,L. De Fougerolles,Luc,Rollet De Fougerolles,Canada,https://media.api-sports.io/football/players/327738.png,Fulham,Defender,18,0,0,0,0,2100000.0
327748,2024,Billy Gee,Billy,Gee,England,https://media.api-sports.io/football/players/327748.png,Chelsea,Defender,19,0,0,0,0,3000000.0
327749,2024,S. Boniface,Somto chukwu,Boniface,England,https://media.api-sports.io/football/players/327749.png,Ipswich,Defender,18,0,0,0,0,1200000.0
328076,2024,C. Tasker,Charlie,Tasker,England,https://media.api-sports.io/football/players/328076.png,Brighton,Defender,18,0,0,0,0,3300000.0
328089,2024,A. Gray,Archie James Francis,Gray,England,https://media.api-sports.io/football/players/328089.png,Tottenham,Midfielder,18,28,1746,0,0,6800000.0
328093,2024,I. Samuels-Smith,Ishé Barrington,Samuels-Smith,England,https://media.api-sports.io/football/players/328093.png,Chelsea,Defender,18,0,0,0,0,4100000.0
328095,2024,Luca Barrington,Luca,Barrington,England,https://media.api-sports.io/football/players/328095.png,Brighton,Attacker,19,0,0,0,0,4200000.0
328096,2024,Joel Tshisanga Ndala,Joel,Tshisanga Ndala,England,https://media.api-sports.io/football/players/328096.png,Manchester City,Attacker,18,0,0,0,0,5000000.0
328097,2024,Mahamadou Susoho Sissoho,Mahamadou,Susoho Sissoho,Spain,https://media.api-sports.io/football/players/328097.png,Manchester City,Midfielder,19,0,0,0,0,4100000.0
328098,2024,H. Ogunneye,Habeeb,Ogunneye,England,https://media.api-sports.io/football/players/328098.png,Manchester United,Defender,18,0,0,0,0,6000000.0
328101,2024,T. Fredricson,Tyler,Fredricson,England,https://media.api-sports.io/football/players/328101.png,Manchester United,Defender,19,8,166,0,0,4700000.0
328104,2024,Ben Parkinson,Ben,Parkinson,England,https://media.api-sports.io/football/players/328104.png,Newcastle,Attacker,19,0,0,0,0,5500000.0
328105,2024,L. Miley,Lewis,Miley,England,https://media.api-sports.io/football/players/328105.png,Newcastle,Midfielder,18,26,324,1,0,9000000.0
328107,2024,L. Koumas,Lewis,Koumas,England,https://media.api-sports.io/football/players/328107.png,Liverpool,Attacker,18,0,0,0,0,6200000.0
328115,2024,Martin Sherif,Martin,Sherif,England,https://media.api-sports.io/football/players/328115.png,Everton,Attacker,18,0,0,0,0,1800000.0
328118,2024,Matthew Whittingham,Matthew,Whittingham,England,https://media.api-sports.io/football/players/328118.png,Wolves,Midfielder,19,0,0,0,0,3300000.0
328120,2024,Tomas Galvez,Tomas,Galvez,Finland,https://media.api-sports.io/football/players/328120.png,Manchester City,Defender,19,0,0,0,0,3700000.0
328225,2024,B. Gruda,Brajan,Gruda,Germany,https://media.api-sports.io/football/players/328225.png,Brighton,Midfielder,20,28,698,1,4,7900000.0
328808,2024,M. Ebiowei,Malcolm,Perewari Ebiowei,England,https://media.api-sports.io/football/players/328808.png,Crystal Palace,Attacker,20,0,0,0,0,6400000.0
329344,2024,Ben Perry,Benjamin,Marshall Perry,England,https://media.api-sports.io/football/players/329344.png,Nottingham Forest,Midfielder,19,0,0,0,0,4600000.0
329347,2024,O. Kellyman,Omari Jamian,Kellyman,England,https://media.api-sports.io/football/players/329347.png,Chelsea,Midfielder,18,0,0,0,0,3400000.0
329357,2024,Z. Abbott,Zach,Abbott,England,https://media.api-sports.io/football/players/329357.png,Nottingham Forest,Defender,18,0,0,0,0,5500000.0
329369,2024,T. Watson,Thomas,Watson,England,https://media.api-sports.io/football/players/329369.png,Brighton,Attacker,18,0,0,0,0,5500000.0
330412,2024,Youssef Chermiti,Youssef,Ramalho Chermiti,Portugal,https://media.api-sports.io/football/players/330412.png,Everton,Attacker,20,4,49,0,0,4600000.0
330636,2024,Sonny Aljofree,Sonny,Aljofree,England,https://media.api-sports.io/football/players/330636.png,Manchester United,Defender,19,0,0,0,0,3500000.0
330986,2024,M. Golding,Michael Heinz,Golding,England,https://media.api-sports.io/football/players/330986.png,Leicester,Midfielder,18,2,1,0,0,3800000.0
334035,2024,S. Amo-Ameyaw,Samuel,Amo-Ameyaw,England,https://media.api-sports.io/football/players/334035.png,Southampton,Attacker,18,2,26,0,0,8500000.0
334037,2024,Tyrique George,Tyrique Aaron Delali Yusuff,George,England,https://media.api-sports.io/football/players/334037.png,Chelsea,Attacker,18,8,177,1,1,18600000.0
334725,2024,D. Sadi,Dominic,Sadi,England,https://media.api-sports.io/football/players/334725.png,Bournemouth,Attacker,20,0,0,0,0,3600000.0
334729,2024,B. Clark,Bobby Lamont,Clark,England,https://media.api-sports.io/football/players/334729.png,Liverpool,Midfielder,19,0,0,0,0,3300000.0
335116,2024,K. Šekularac,Kristian,Šekularac,Switzerland,https://media.api-sports.io/football/players/335116.png,Fulham,Midfielder,20,0,0,0,0,4000000.0
336240,2024,N. Atom,Noël,Bigo Atom,Germany,https://media.api-sports.io/football/players/336240.png,Brighton,Defender,19,0,0,0,0,5300000.0
336564,2024,W. Odobert,Wilson Serge Eric,Odobert,France,https://media.api-sports.io/football/players/336564.png,Tottenham,Attacker,19,16,849,1,0,7800000.0
336585,2024,Mateus Fernandes,Mateus Gonçalo,Espanha Fernandes,Portugal,https://media.api-sports.io/football/players/336585.png,Southampton,Midfielder,20,36,2919,2,4,16900000.0
336599,2024,Benicio Baker-Boaitey,Benicio,Baker-Boaitey,England,https://media.api-sports.io/football/players/336599.png,Brighton,Midfielder,20,0,0,0,0,7300000.0
337929,2024,G. Abbott,George David,Abbott,England,https://media.api-sports.io/football/players/337929.png,Tottenham,Defender,18,0,0,0,0,3400000.0
337932,2024,F. Herrick,Finaly,Herrick,England,https://media.api-sports.io/football/players/337932.png,West Ham,Goalkeeper,18,0,0,0,0,1900000.0
337933,2024,Alexei Rojas Fedorushchenko,Alexei,Rojas Fedorushchenko,Colombia,https://media.api-sports.io/football/players/337933.png,Arsenal,Goalkeeper,18,0,0,0,0,900000.0
337934,2024,L. Shahar,Leo,Shahar,England,https://media.api-sports.io/football/players/337934.png,Newcastle,Defender,17,0,0,0,0,4200000.0
337936,2024,L. Samuel,Lakyle,Samuel,England,https://media.api-sports.io/football/players/337936.png,Manchester City,Defender,18,0,0,0,0,4100000.0
337941,2024,J. Oboavwoduo,Justin,Oboavwoduo,England,https://media.api-sports.io/football/players/337941.png,Manchester City,Attacker,17,0,0,0,0,7400000.0
338856,2024,N. Lemina,Pascal Noha,Lemina,France,https://media.api-sports.io/football/players/338856.png,Wolves,Midfielder,19,0,0,0,0,2800000.0
339138,2024,D. Taylor,Dale,Taylor,Northern Ireland,https://media.api-sports.io/football/players/339138.png,Nottingham Forest,Attacker,20,0,0,0,0,5400000.0
339175,2024,M. Rosiak,Michał,Rosiak,Poland,https://media.api-sports.io/football/players/339175.png,Arsenal,Defender,18,0,0,0,0,2900000.0
340136,2024,F. Umeh,Franco,Umeh-Chibueze,Republic of Ireland,https://media.api-sports.io/football/players/340136.png,Crystal Palace,Attacker,19,0,0,0,0,4300000.0
340246,2024,Trent Toure Kone Doherty,Trent,Toure Kone Doherty,Republic of Ireland,https://media.api-sports.io/football/players/340246.png,Liverpool,Attacker,18,0,0,0,0,2900000.0
340573,2024,B. El Khannouss,Bilal,El Khannouss,Morocco,https://media.api-sports.io/football/players/340573.png,Leicester,Midfielder,20,32,2194,2,3,22700000.0
340919,2024,Ellis Stanton,Ellis,Stanton,England,https://media.api-sports.io/football/players/340919.png,Newcastle,Midfielder,19,0,0,0,0,3500000.0
341641,2024,Rodrigo Ribeiro,Rodrigo,Duarte Ribeiro,Portugal,https://media.api-sports.io/football/players/341641.png,Nottingham Forest,Attacker,19,0,0,0,0,5400000.0
342022,2024,M. Kayode,Michael Olabode,Kayode,Italy,https://media.api-sports.io/football/players/342022.png,Brentford,Defender,20,12,527,0,1,6000000.0
342191,2024,A. Mazilu,Adrian,Mazilu,Romania,https://media.api-sports.io/football/players/342191.png,Brighton,Attacker,18,0,0,0,0,6400000.0
342243,2024,T. Setford,Tommy,Hogan Setford,England,https://media.api-sports.io/football/players/342243.png,Arsenal,Goalkeeper,18,0,0,0,0,1200000.0
342320,2024,K. Nedeljković,Kosta,Nedeljković,Serbia,https://media.api-sports.io/football/players/342320.png,Aston Villa,Defender,18,5,121,0,0,4100000.0
342970,2024,L. Yoro,Leny,Yoro,France,https://media.api-sports.io/football/players/342970.png,Manchester United,Defender,18,21,1169,0,0,3700000.0
343209,2024,Ruairi McConville,Ruairi,McConville,Northern Ireland,https://media.api-sports.io/football/players/343209.png,Brighton,Defender,19,0,0,0,0,5100000.0
343576,2024,B. Doak,Ben,Gannon Doak,Scotland,https://media.api-sports.io/football/players/343576.png,Liverpool,Attacker,18,0,0,0,0,2300000.0
344229,2024,J. Moorhouse,Jack Lee,Moorhouse,England,https://media.api-sports.io/football/players/344229.png,Manchester United,Midfielder,18,0,0,0,0,5900000.0
344233,2024,J. Emerson,Johnny,Emerson,Scotland,https://media.api-sports.io/football/players/344233.png,Newcastle,Attacker,18,0,0,0,0,5500000.0
344247,2024,Luca Gunter,Luca,Gunter,England,https://media.api-sports.io/football/players/344247.png,Tottenham,Goalkeeper,19,0,0,0,0,2300000.0
344707,2024,C. Marshall,Callum,Marshall,Northern Ireland,https://media.api-sports.io/football/players/344707.png,West Ham,Attacker,19,0,0,0,0,5300000.0
345107,2024,A. Ahmed Fatah,Amar Abdirahman,Ahmed Fatah,Sweden,https://media.api-sports.io/football/players/345107.png,Manchester City,Attacker,20,0,0,0,0,4700000.0
347305,2024,Jaden Heskey,Jaden,Heskey,England,https://media.api-sports.io/football/players/347305.png,Manchester City,Attacker,18,0,0,0,0,4800000.0
347316,2024,L. Bergvall,Lucas Erik Holger,Bergvall,Sweden,https://media.api-sports.io/football/players/347316.png,Tottenham,Midfielder,18,27,1202,0,1,11600000.0
348263,2024,C. Stewart,Cameron Jack,Stewart,England,https://media.api-sports.io/football/players/348263.png,Ipswich,Defender,21,0,0,0,0,6600000.0
348818,2024,B. Clarke,Brayden,Clarke,Wales,https://media.api-sports.io/football/players/348818.png,Arsenal,Defender,17,0,0,0,0,1800000.0
349288,2024,Vincent Angelini,Vincent,Angelini,Scotland,https://media.api-sports.io/football/players/349288.png,Brentford,Goalkeeper,20,0,0,0,0,3100000.0
349384,2024,T. Hall,Tyrese,Hall,England,https://media.api-sports.io/football/players/349384.png,Tottenham,Midfielder,18,0,0,0,0,2900000.0
349987,2024,G. Kuol,Garang,Mawien Kuol,Australia,https://media.api-sports.io/football/players/349987.png,Newcastle,Attacker,19,0,0,0,0,4800000.0
350625,2024,J. Meghoma,Jayden,Meghoma,England,https://media.api-sports.io/football/players/350625.png,Brentford,Defender,18,1,4,0,0,2700000.0
350626,2024,L. Briggs,Logan,Briggs,England,https://media.api-sports.io/football/players/350626.png,Leicester,Midfielder,19,0,0,0,0,4500000.0
352210,2024,Dylan Charlton,Dylan,Charlton,Iceland,https://media.api-sports.io/football/players/352210.png,Newcastle,Defender,18,0,0,0,0,3000000.0
354581,2024,N. Lawrence,Nico,Lawrence,England,https://media.api-sports.io/football/players/354581.png,Southampton,Defender,20,0,0,0,0,5500000.0
356041,2024,C. Baleba,Carlos Noom,Quomah Baleba,Cameroon,https://media.api-sports.io/football/players/356041.png,Brighton,Midfielder,20,36,2670,3,1,8200000.0
356237,2024,Kim Ji-Soo,Ji-Soo,Kim,Korea Republic,https://media.api-sports.io/football/players/356237.png,Brentford,Defender,19,3,27,0,0,4800000.0
357060,2024,T. Katsukunya,Thierry Alfred Farai,Katsukunya,Wales,https://media.api-sports.io/football/players/357060.png,Aston Villa,Defender,18,0,0,0,0,4400000.0
358666,2024,R. Akachukwu,Romeo,Akachukwu,Republic of Ireland,https://media.api-sports.io/football/players/358666.png,Southampton,Midfielder,18,0,0,0,0,6000000.0
359386,2024,M. Godo,Becket Fabrice-Martial,Godo,England,https://media.api-sports.io/football/players/359386.png,Fulham,Attacker,21,2,21,0,0,6200000.0
359842,2024,Joe Knight,Joe,Knight,England,https://media.api-sports.io/football/players/359842.png,Brighton,Midfielder,18,0,0,0,0,4200000.0
359942,2024,M. Akinmboni,Matai,Akinmboni,USA,https://media.api-sports.io/football/players/359942.png,Bournemouth,Defender,17,0,0,0,0,2600000.0
360011,2024,Ato Ampah,Ato,Ampah,England,https://media.api-sports.io/football/players/360011.png,Chelsea,Attacker,18,0,0,0,0,9600000.0
360114,2024,A. Khusanov,Abduqodir,Khusanov,Uzbekistan,https://media.api-sports.io/football/players/360114.png,Manchester City,Defender,20,11,504,0,0,5400000.0
360268,2024,J. Jimoh,Jamaldeen,Jimoh-Aloba,England,https://media.api-sports.io/football/players/360268.png,Aston Villa,Midfielder,17,0,0,0,0,3500000.0
360269,2024,Triston Rowe,Triston,Rowe,England,https://media.api-sports.io/football/players/360269.png,Aston Villa,Defender,18,0,0,0,0,2500000.0
361497,2024,D. Huijsen,Dean Donny,Huijsen,Netherlands,https://media.api-sports.io/football/players/361497.png,Bournemouth,Defender,19,38,2422,3,2,11900000.0
361675,2024,True Grant,True,Grant,England,https://media.api-sports.io/football/players/361675.png,Manchester City,Goalkeeper,18,0,0,0,0,2000000.0
361676,2024,Coby Ebere,Coby,Ebere,England,https://media.api-sports.io/football/players/361676.png,Everton,Attacker,18,0,0,0,0,4100000.0
361679,2024,Callum Bates,Callum,Bates,England,https://media.api-sports.io/football/players/361679.png,Everton,Midfielder,18,0,0,0,0,1500000.0
361734,2024,D. Ajayi,Oyindamola,Ajayi,England,https://media.api-sports.io/football/players/361734.png,Tottenham,Attacker,18,0,0,0,0,5800000.0
361736,2024,Leo Black,Leo,Black,England,https://media.api-sports.io/football/players/361736.png,Tottenham,Attacker,18,0,0,0,0,9200000.0
362270,2024,E. Wheatley,Ethan Joseph,Wheatley,England,https://media.api-sports.io/football/players/362270.png,Manchester United,Attacker,18,0,0,0,0,3500000.0
363333,2024,J. Soler,Julio César,Soler Barreto,Argentina,https://media.api-sports.io/football/players/363333.png,Bournemouth,Defender,19,13,24,0,0,5400000.0
363695,2024,Murillo,Murillo,Santiago Costa dos Santos,Brazil,https://media.api-sports.io/football/players/363695.png,Nottingham Forest,Defender,22,36,3191,2,0,13200000.0
363974,2024,Z. Marsh,Zach,Marsh,England,https://media.api-sports.io/football/players/363974.png,Crystal Palace,Attacker,18,0,0,0,0,3900000.0
364048,2024,Harrison Murray-Campbell,Harrison,Murray-Campbell,England,https://media.api-sports.io/football/players/364048.png,Chelsea,Defender,17,0,0,0,0,1700000.0
364980,2024,Conor McManus,Conor,McManus,Republic of Ireland,https://media.api-sports.io/football/players/364980.png,Brentford,Defender,20,0,0,0,0,6000000.0
365664,2024,Ethan Williams,Ethan,Williams,England,https://media.api-sports.io/football/players/365664.png,Manchester United,Attacker,18,0,0,0,0,5300000.0
365988,2024,Aidan Harris,Aidan,Harris,England,https://media.api-sports.io/football/players/365988.png,Newcastle,Goalkeeper,17,0,0,0,0,1900000.0
366629,2024,R. Carr,Ryan,Carr,England,https://media.api-sports.io/football/players/366629.png,Ipswich,Midfielder,19,0,0,0,0,2800000.0
366735,2024,Joshua Kofi Acheampong,Joshua Kofi,Acheampong,England,https://media.api-sports.io/football/players/366735.png,Chelsea,Defender,18,23,181,0,0,5000000.0
367634,2024,A. Agbinone,Asher Chris,Ofega Agbinone,England,https://media.api-sports.io/football/players/367634.png,Crystal Palace,Midfielder,18,2,4,0,0,5500000.0
378981,2024,Elyh Harrison,Elyh,Harrison,England,https://media.api-sports.io/football/players/378981.png,Manchester United,Goalkeeper,18,0,0,0,0,2500000.0
379618,2024,J. Slater,Jacob Vaughan,Slater,England,https://media.api-sports.io/football/players/379618.png,Brighton,Defender,19,0,0,0,0,3600000.0
380492,2024,Eric Emanuel da Silva Moreira,Eric Emanuel,da Silva Moreira,Germany,https://media.api-sports.io/football/players/380492.png,Nottingham Forest,Midfielder,18,2,28,0,0,3600000.0
380653,2024,L. Chiwome,Leon,Chiwome,England,https://media.api-sports.io/football/players/380653.png,Wolves,Attacker,18,0,0,0,0,3200000.0
380657,2024,R. Young,Ranel Jerva,Young,England,https://media.api-sports.io/football/players/380657.png,Liverpool,Attacker,18,0,0,0,0,4700000.0
380679,2024,C. Kporha,Caleb Billy,Mawuko Kporha,England,https://media.api-sports.io/football/players/380679.png,Crystal Palace,Defender,18,27,19,0,0,2400000.0
380680,2024,H. Mustapha,Hindolo Thomas E.,Mustapha,Sierra Leone,https://media.api-sports.io/football/players/380680.png,Crystal Palace,Midfielder,18,0,0,0,0,6400000.0
380689,2024,C. Olusesi,Callum,Latif Olusesi,England,https://media.api-sports.io/football/players/380689.png,Tottenham,Midfielder,17,0,0,0,0,2200000.0
380690,2024,M. Moore,Mikey Steven Danny,Moore,England,https://media.api-sports.io/football/players/380690.png,Tottenham,Attacker,16,10,362,0,1,9000000.0
380691,2024,Jay Robinson,Jay,Robinson,England,https://media.api-sports.io/football/players/380691.png,Southampton,Attacker,17,4,135,0,0,2300000.0
380696,2024,Joshua Nichols,Joshua,Nichols,England,https://media.api-sports.io/football/players/380696.png,Arsenal,Defender,18,0,0,0,0,4500000.0
380697,2024,M. Kacurri,Maldini,Kacurri,Albania,https://media.api-sports.io/football/players/380697.png,Arsenal,Defender,18,0,0,0,0,2700000.0
380702,2024,M. Jemide,Eyimofe,Jemide,England,https://media.api-sports.io/football/players/380702.png,Crystal Palace,Defender,17,0,0,0,0,1900000.0
380715,2024,B. Broggio,Benjamin Tomaso,Broggio,England,https://media.api-sports.io/football/players/380715.png,Aston Villa,Midfielder,17,0,0,0,0,2300000.0
382160,2024,D. Adu-Adjei,Daniel,Adu-Adjei,England,https://media.api-sports.io/football/players/382160.png,Bournemouth,Attacker,19,0,0,0,0,2900000.0
382166,2024,C. Plain,Cameron Christopher,Plain,England,https://media.api-sports.io/football/players/382166.png,Bournemouth,Goalkeeper,22,0,0,0,0,2900000.0
382170,2024,M. Kinsey-Wellings,Maxwell,Kinsey-Wellings,England,https://media.api-sports.io/football/players/382170.png,Bournemouth,Defender,19,0,0,0,0,5900000.0
382344,2024,A. Munda,Anthony Junior,Munda,England,https://media.api-sports.io/football/players/382344.png,Newcastle,Midfielder,17,0,0,0,0,3400000.0
382345,2024,Alfie Harrison,Alfie,Harrison,England,https://media.api-sports.io/football/players/382345.png,Newcastle,Midfielder,18,0,0,0,0,3000000.0
382355,2024,Jacob Wright,Jacob,Wright,England,https://media.api-sports.io/football/players/382355.png,Manchester City,Midfielder,18,0,0,0,0,4700000.0
382358,2024,S. Mfuni,Stephen,Mfuni,England,https://media.api-sports.io/football/players/382358.png,Manchester City,Defender,16,0,0,0,0,1600000.0
382452,2024,P. Dorgu,Patrick,Chinazaekpere Dorgu,Denmark,https://media.api-sports.io/football/players/382452.png,Manchester United,Defender,19,12,842,0,0,5000000.0
382925,2024,R. Trevitt,Ryan,Trevitt,England,https://media.api-sports.io/football/players/382925.png,Brentford,Midfielder,21,1,3,0,0,3000000.0
383685,2024,Y. Minteh,Yankuba,Minteh Moat,Gambia,https://media.api-sports.io/football/players/383685.png,Brighton,Attacker,20,33,1855,6,4,33200000.0
384585,2024,T. Hernes,Travis Enrique,Hernes,England,https://media.api-sports.io/football/players/384585.png,Newcastle,Midfielder,18,0,0,0,0,3800000.0
384981,2024,S. Amissah,Samuel,Amissah,England,https://media.api-sports.io/football/players/384981.png,Fulham,Defender,17,0,0,0,0,1800000.0
385726,2024,E. González,Enso David,González Medina,Paraguay,https://media.api-sports.io/football/players/385726.png,Wolves,Attacker,19,0,0,0,0,6500000.0
388013,2024,Andrés García,Andrés,García Robledo,Spain,https://media.api-sports.io/football/players/388013.png,Aston Villa,Defender,21,16,325,0,0,5800000.0
388509,2024,Isaac Holland,Isaac,Holland,England,https://media.api-sports.io/football/players/388509.png,Brentford,Midfielder,18,0,0,0,0,3200000.0
388510,2024,Tony Yogane,Tony,Yogane,England,https://media.api-sports.io/football/players/388510.png,Brentford,Midfielder,18,0,0,0,0,3300000.0
388777,2024,B. Meupiyou,Ndemeni Bastien,Meupiyou Menadjou,France,https://media.api-sports.io/football/players/388777.png,Wolves,Defender,18,0,0,0,0,1500000.0
389031,2024,Jayce Fitzgerald,Jayce,Fitzgerald,England,https://media.api-sports.io/football/players/389031.png,Manchester United,Midfielder,17,0,0,0,0,5300000.0
389032,2024,K. Morrison,Kieran,Morrison,England,https://media.api-sports.io/football/players/389032.png,Liverpool,Midfielder,17,0,0,0,0,1500000.0
389035,2024,Farid Alfa-Ruprecht,Farid,Alfa-Ruprecht,Germany,https://media.api-sports.io/football/players/389035.png,Manchester City,Attacker,18,0,0,0,0,5100000.0
389302,2024,T. Edozie,Tom,Edozie,England,https://media.api-sports.io/football/players/389302.png,Wolves,Attacker,18,0,0,0,0,11100000.0
389309,2024,O. Martin,Chidozie,Obi-Martin,Denmark,https://media.api-sports.io/football/players/389309.png,Manchester United,Attacker,16,7,159,0,0,5900000.0
389315,2024,Joshua King,Joshua,King,England,https://media.api-sports.io/football/players/389315.png,Fulham,Midfielder,17,23,145,0,0,4400000.0
389579,2024,J. Eyestone,Julian,Eyestone,USA,https://media.api-sports.io/football/players/389579.png,Brentford,Goalkeeper,18,0,0,0,0,1300000.0
390052,2024,G. Buabo,Gerrard Bantu,Buabo,England,https://media.api-sports.io/football/players/390052.png,Ipswich,Attacker,19,0,0,0,0,4800000.0
392270,2024,Marc Guiu,Marc,Guiu Paz,Spain,https://media.api-sports.io/football/players/392270.png,Chelsea,Attacker,18,3,71,0,0,4200000.0
392607,2024,Maeson King,Maeson,King,England,https://media.api-sports.io/football/players/392607.png,Tottenham,Defender,18,0,0,0,0,4600000.0
392610,2024,H. Howell,Harry,Howell,England,https://media.api-sports.io/football/players/392610.png,Brighton,Midfielder,16,5,14,0,0,3100000.0
393195,2024,W. Lankshear,William,Lankshear,England,https://media.api-sports.io/football/players/393195.png,Tottenham,Attacker,19,3,8,0,0,5800000.0
393311,2024,R. Rose,Reginald,Rose,England,https://media.api-sports.io/football/players/393311.png,Brentford,Goalkeeper,19,0,0,0,0,2200000.0
394165,2024,S. Neave,Sean Thoms,Neave,England,https://media.api-sports.io/football/players/394165.png,Newcastle,Attacker,17,0,0,0,0,1900000.0
394167,2024,O. Harrison,Ollie,Harrison,England,https://media.api-sports.io/football/players/394167.png,Chelsea,Midfielder,16,0,0,0,0,1500000.0
394501,2024,Bradley Moonan,Bradley,Moonan,England,https://media.api-sports.io/football/players/394501.png,Everton,Defender,18,0,0,0,0,3300000.0
394710,2024,C. McKenna,Callan,McKenna,Scotland,https://media.api-sports.io/football/players/394710.png,Bournemouth,Goalkeeper,17,0,0,0,0,1200000.0
395809,2024,J. Sanda,Joachim,Kayi Sanda,France,https://media.api-sports.io/football/players/395809.png,Southampton,Defender,17,2,12,0,0,3800000.0
396206,2024,L. Martin,Lucas,Martin Nygaard,Denmark,https://media.api-sports.io/football/players/396206.png,Arsenal,Goalkeeper,18,0,0,0,0,1700000.0
396483,2024,Shea Lacey,Shea,Lacey,England,https://media.api-sports.io/football/players/396483.png,Manchester United,Attacker,17,0,0,0,0,4200000.0
396729,2024,J. Scanlon,James,Scanlon,England,https://media.api-sports.io/football/players/396729.png,Manchester United,Midfielder,17,0,0,0,0,3400000.0
397997,2024,T. Nyoni,Treymaurice,Nyoni,England,https://media.api-sports.io/football/players/397997.png,Liverpool,Midfielder,17,0,0,0,0,6300000.0
398004,2024,S. Proctor,Sam,Proctor,England,https://media.api-sports.io/football/players/398004.png,Aston Villa,Goalkeeper,17,0,0,0,0,2600000.0
398933,2024,F. Holman,Fletcher,Holman,England,https://media.api-sports.io/football/players/398933.png,Wolves,Attacker,19,0,0,0,0,4600000.0
400745,2024,S. Bausor,Stevie Ethan,Bausor,England,https://media.api-sports.io/football/players/400745.png,Leicester,Goalkeeper,19,0,0,0,0,2900000.0
400938,2024,Iwan Morgan,Iwan,Morgan,England,https://media.api-sports.io/football/players/400938.png,Brentford,Attacker,18,0,0,0,0,3900000.0
401098,2024,L. Rawlings,Luke,Rawlings,England,https://media.api-sports.io/football/players/401098.png,Wolves,Midfielder,16,0,0,0,0,1800000.0
401278,2024,M. Kanté,Mohamadou,Kanté,France,https://media.api-sports.io/football/players/401278.png,West Ham,Midfielder,18,0,0,0,0,3400000.0
401389,2024,T. Sanusi,Trevan,Sanusi,England,https://media.api-sports.io/football/players/401389.png,Newcastle,Attacker,17,0,0,0,0,3200000.0
402329,2024,A. Heaven,Ayden,Heaven,England,https://media.api-sports.io/football/players/402329.png,Manchester United,Defender,17,4,170,0,0,3800000.0
402330,2024,J. Kamason,Jaydan Dejon,Kamason,England,https://media.api-sports.io/football/players/402330.png,Manchester United,Defender,17,0,0,0,0,2500000.0
402331,2024,R. Munro,Reece,Stafford Munro,England,https://media.api-sports.io/football/players/402331.png,Manchester United,Defender,17,0,0,0,0,1400000.0
402432,2024,Ben Winterburn,Ben,Winterburn,England,https://media.api-sports.io/football/players/402432.png,Bournemouth,Midfielder,19,20,22,0,0,5500000.0
402434,2024,Remy Rees-Dottin,Remy,Rees-Dottin,England,https://media.api-sports.io/football/players/402434.png,Bournemouth,Attacker,18,7,1,0,0,3900000.0
402504,2024,L. Benjamin,Lewys,Benjamin,Wales,https://media.api-sports.io/football/players/402504.png,Wolves,Goalkeeper,17,0,0,0,0,2300000.0
402524,2024,A. Harrison,Adam Alan,Harrison,England,https://media.api-sports.io/football/players/402524.png,Newcastle,Goalkeeper,17,0,0,0,0,1800000.0
402640,2024,R. Esse,Romain Joy,Kouakou Esse,England,https://media.api-sports.io/football/players/402640.png,Crystal Palace,Midfielder,19,15,146,1,1,7600000.0
403064,2024,H. Amass,Harry,Amass,England,https://media.api-sports.io/football/players/403064.png,Manchester United,Defender,17,13,346,0,0,8900000.0
404017,2024,Tyler Fletcher,Tyler,Fletcher,England,https://media.api-sports.io/football/players/404017.png,Manchester United,Midfielder,17,0,0,0,0,2100000.0
404574,2024,Luis Guilherme,Luis Guilherme,Lira dos Santos,Brazil,https://media.api-sports.io/football/players/404574.png,West Ham,Attacker,18,12,176,0,0,6200000.0
404656,2024,Jahmai Simpson-Pusey,Jahmai,Simpson-Pusey,England,https://media.api-sports.io/football/players/404656.png,Manchester City,Defender,18,2,95,0,0,2200000.0
404769,2024,Bendito Mantato,Bendito,Mantato,England,https://media.api-sports.io/football/players/404769.png,Manchester United,Midfielder,16,0,0,0,0,3000000.0
405360,2024,H. Armstrong,Harrison,Armstrong,England,https://media.api-sports.io/football/players/405360.png,Everton,Midfielder,17,3,45,0,0,2600000.0
405530,2024,Ezra Mayers,Ezra,Mayers,England,https://media.api-sports.io/football/players/405530.png,West Ham,Defender,17,0,0,0,0,1800000.0
406098,2024,William Stephen Murdock,William Stephen,Murdock,England,https://media.api-sports.io/football/players/406098.png,Manchester United,Goalkeeper,17,0,0,0,0,1300000.0
407026,2024,Daniel Armer,Daniel James,Armer,Scotland,https://media.api-sports.io/football/players/407026.png,Manchester United,Defender,16,0,0,0,0,1900000.0
407032,2024,A. Nallo,Amara,Nallo,England,https://media.api-sports.io/football/players/407032.png,Liverpool,Defender,17,0,0,0,0,1500000.0
407033,2024,Ismeal Kabia,Ismeal,Kabia,Netherlands,https://media.api-sports.io/football/players/407033.png,Arsenal,Attacker,18,0,0,0,0,5200000.0
408221,2024,B. Fredrick,Benjamin Chiemela,Fredrick,Nigeria,https://media.api-sports.io/football/players/408221.png,Brentford,Defender,19,0,0,0,0,4300000.0
408893,2024,Wesley Okoduwa,Wesley,Okoduwa,England,https://media.api-sports.io/football/players/408893.png,Wolves,Defender,16,0,0,0,0,5700000.0
410125,2024,M. Yalcouyé,Malick Junior,Yalcouyé,Mali,https://media.api-sports.io/football/players/410125.png,Brighton,Midfielder,18,0,0,0,0,2200000.0
411808,2024,D. Richards,Dujuan Odile,Richards,Jamaica,https://media.api-sports.io/football/players/411808.png,Chelsea,Attacker,18,0,0,0,0,3800000.0
412086,2024,F. Simmonds,Freddie,Simmonds,England,https://media.api-sports.io/football/players/412086.png,Brighton,Defender,16,0,0,0,0,1200000.0
412152,2024,Jayden Moore,Jayden,Moore,England,https://media.api-sports.io/football/players/412152.png,Southampton,Defender,17,0,0,0,0,4100000.0
414359,2024,Vitor Nunes,Vitor,de Oliveira Nunes dos Reis,Brazil,https://media.api-sports.io/football/players/414359.png,Manchester City,Defender,18,1,0,0,0,3800000.0
414385,2024,C. Echeverri,Claudio Jeremías,Echeverri,Argentina,https://media.api-sports.io/football/players/414385.png,Manchester City,Midfielder,18,1,11,0,0,5200000.0
415001,2024,Deivid Washington,Deivid Washington,de Souza Eugênio,Brazil,https://media.api-sports.io/football/players/415001.png,Chelsea,Attacker,19,0,0,0,0,3400000.0
416697,2024,J. Porter,Jack,Porter,England,https://media.api-sports.io/football/players/416697.png,Arsenal,Goalkeeper,16,0,0,0,0,700000.0
417310,2024,O. Aluko,Olabade,Aluko,England,https://media.api-sports.io/football/players/417310.png,Leicester,Defender,17,2,1,0,0,2000000.0
418210,2024,S. Koné,Sékou,Koné,Mali,https://media.api-sports.io/football/players/418210.png,Manchester United,Midfielder,18,0,0,0,0,4600000.0
422780,2024,A. Anselmino,Aaron,Anselmino,Argentina,https://media.api-sports.io/football/players/422780.png,Chelsea,Defender,19,0,0,0,0,7100000.0
423708,2024,Yang Min-Hyeok,Min-Hyeok,Yang,Korea Republic,https://media.api-sports.io/football/players/423708.png,Tottenham,Attacker,18,0,0,0,0,4200000.0
423803,2024,R. Takaoka,Rento,Takaoka,Japan,https://media.api-sports.io/football/players/423803.png,Southampton,Attacker,17,0,0,0,0,2600000.0
427736,2024,Gustavo Gomes,Gustavo,Nunes Fernandes Gomes,Brazil,https://media.api-sports.io/football/players/427736.png,Brentford,Attacker,18,7,11,0,0,3400000.0
430734,2024,Y. Konak,Yunus Emre,Konak,Türkiye,https://media.api-sports.io/football/players/430734.png,Brentford,Midfielder,18,10,72,0,0,4500000.0
430827,2024,Benjamin Arthur,Benjamin,Arthur,England,https://media.api-sports.io/football/players/430827.png,Brentford,Defender,18,0,0,0,0,4000000.0
431119,2024,L. Ayinde,Leon,Ayinde,England,https://media.api-sports.io/football/players/431119.png,Ipswich,Attacker,19,0,0,0,0,8100000.0
434180,2024,Aidan Borland,Aidan Gerald,Borland,Scotland,https://media.api-sports.io/football/players/434180.png,Aston Villa,Midfielder,17,0,0,0,0,2800000.0
434183,2024,J. Evans,Jake,Evans,England,https://media.api-sports.io/football/players/434183.png,Leicester,Attacker,16,5,31,0,0,3400000.0
436879,2024,E. Ballard-Matthews,Emilio,Ballard-Matthews,England,https://media.api-sports.io/football/players/436879.png,Wolves,Attacker,15,0,0,0,0,3100000.0
437557,2024,S. Brits,Thorsten Spike,Brits,England,https://media.api-sports.io/football/players/437557.png,Manchester City,Goalkeeper,17,0,0,0,0,900000.0
437559,2024,M. Hudson,Max,Hudson,Wales,https://media.api-sports.io/football/players/437559.png,Manchester City,Goalkeeper,16,0,0,0,0,1000000.0
440159,2024,G. Kukonki,Godwill,Kukonki,England,https://media.api-sports.io/football/players/440159.png,Manchester United,Defender,16,0,0,0,0,2200000.0
440160,2024,J. Thwaites,Jim Alec Joseph,Thwaites,England,https://media.api-sports.io/football/players/440160.png,Manchester United,Midfielder,16,0,0,0,0,2100000.0
441032,2024,Woody Scott Williamson Andrews,Woody Scott,Williamson Andrews,England,https://media.api-sports.io/football/players/441032.png,Ipswich,Goalkeeper,18,0,0,0,0,1100000.0
448969,2024,Reigan Heskey,Reigan,Heskey,England,https://media.api-sports.io/football/players/448969.png,Manchester City,Attacker,16,0,0,0,0,4400000.0
449224,2024,Archie Harris,Archie,Harris,England,https://media.api-sports.io/football/players/449224.png,Bournemouth,Defender,19,0,0,0,0,3300000.0
449245,2024,Pedro Lima,Pedro Henrique,Cardoso de Lima,Brazil,https://media.api-sports.io/football/players/449245.png,Wolves,Defender,18,3,70,0,0,3600000.0
451583,2024,K. Braithwaite,Kaden,Braithwaite,England,https://media.api-sports.io/football/players/451583.png,Manchester City,Defender,16,0,0,0,0,1600000.0
452685,2024,R. Ngumoha,Rio,Ngumoha,England,https://media.api-sports.io/football/players/452685.png,Liverpool,Attacker,15,0,0,0,0,2100000.0
453101,2024,B. Burrows,Bradley-Paul,Burrowes,England,https://media.api-sports.io/football/players/453101.png,Aston Villa,Midfielder,16,0,0,0,0,3200000.0
455009,2024,Tom Taylor,Tom,Taylor,England,https://media.api-sports.io/football/players/455009.png,Ipswich,Midfielder,19,0,0,0,0,5500000.0
455010,2024,L. Emery,Lander,Emery,Spain,https://media.api-sports.io/football/players/455010.png,Aston Villa,Goalkeeper,21,0,0,0,0,2400000.0
456206,2024,M. Mane,Mateus Bula,Dami Mané,England,https://media.api-sports.io/football/players/456206.png,Wolves,Attacker,16,5,1,0,0,3000000.0
459203,2024,M. Hardy,Malachi,Hardy,England,https://media.api-sports.io/football/players/459203.png,Tottenham,Defender,16,0,0,0,0,2500000.0
460853,2024,J. Monga,Jeremy,Monga,England,https://media.api-sports.io/football/players/460853.png,Leicester,Midfielder,15,7,118,0,0,1400000.0
465310,2024,L. Williams-Barnett,Luca Jamie,Williams-Barnett,England,https://media.api-sports.io/football/players/465310.png,Tottenham,Attacker,16,0,0,0,0,4300000.0
